Time Elapsed,MaxAngle,Delay Time,Servo Position,Contact Value,Hand Position
0:0:2:263,180,200,116,0,20,
0:0:2:276,180,200,114,0,20,
0:0:2:288,180,200,112,0,20,
0:0:2:300,180,200,117,0,20,
0:0:2:314,180,200,116,8,20,
0:0:2:326,180,200,121,0,20,
0:0:2:338,180,200,118,16,20,
0:0:2:352,180,200,121,0,20,
0:0:2:363,180,200,117,0,20,
0:0:2:376,180,200,113,0,20,
0:0:2:388,180,200,106,0,20,
0:0:2:401,180,200,98,24,20,
0:0:2:414,180,200,81,16,20,
0:0:2:426,180,200,62,18,20,
0:0:2:439,180,200,44,13,20,
0:0:2:452,180,200,25,16,20,
0:0:2:464,180,200,12,3,20,
0:0:2:477,180,200,5,6,20,
0:0:2:490,180,200,1,13,20,
0:0:2:502,180,200,0,12,20,
0:0:2:514,180,200,0,9,20,
0:0:2:527,180,200,0,5,20,
0:0:2:539,180,200,0,1,20,
0:0:2:551,180,200,0,7,20,
0:0:2:565,180,200,0,5,20,
0:0:2:577,180,200,0,0,20,
0:0:2:589,180,200,0,0,20,
0:0:2:601,180,200,0,0,20,
0:0:2:614,180,200,0,0,20,
0:0:2:626,180,200,0,0,20,
0:0:2:638,180,200,0,0,20,
0:0:2:652,180,200,0,0,20,
0:0:2:664,180,200,0,0,21,
0:0:2:676,180,200,0,0,22,
0:0:2:689,180,200,0,0,26,
0:0:2:701,180,200,0,0,29,
0:0:2:713,180,200,0,0,33,
0:0:2:725,180,200,0,0,34,
0:0:2:739,180,200,0,32,37,
0:0:2:752,180,200,0,0,36,
0:0:2:765,180,200,0,0,38,
0:0:2:778,180,200,0,0,38,
0:0:2:791,180,200,0,0,40,
0:0:2:804,180,200,0,0,40,
0:0:2:817,180,200,0,0,38,
0:0:2:830,180,200,0,0,41,
0:0:2:843,180,200,0,0,39,
0:0:2:856,180,200,0,0,39,
0:0:2:869,180,200,0,0,40,
0:0:2:882,180,200,1,0,40,
0:0:2:895,180,200,4,0,41,
0:0:2:909,180,200,14,0,41,
0:0:2:922,180,200,28,0,38,
0:0:2:936,180,200,45,16,43,
0:0:2:950,180,200,60,7,42,
0:0:2:963,180,200,76,15,40,
0:0:2:977,180,200,85,5,40,
0:0:2:993,180,200,93,4,45,
0:0:3:6,180,200,98,8,42,
0:0:3:19,180,200,104,25,40,
0:0:3:33,180,200,109,4,42,
0:0:3:46,180,200,108,24,41,
0:0:3:59,180,200,113,11,43,
0:0:3:73,180,200,112,0,44,
0:0:3:86,180,200,110,2,43,
0:0:3:99,180,200,112,1,43,
0:0:3:112,180,200,113,3,40,
0:0:3:126,180,200,115,0,41,
0:0:3:138,180,200,118,0,39,
0:0:3:151,180,200,113,0,41,
0:0:3:165,180,200,119,0,41,
0:0:3:178,180,200,122,24,40,
0:0:3:191,180,200,119,3,43,
0:0:3:205,180,200,118,9,42,
0:0:3:218,180,200,128,0,41,
0:0:3:231,180,200,127,0,43,
0:0:3:245,180,200,122,16,41,
0:0:3:258,180,200,125,0,41,
0:0:3:270,180,200,124,0,39,
0:0:3:283,180,200,125,3,39,
0:0:3:297,180,200,129,0,36,
0:0:3:310,180,200,131,1,39,
0:0:3:322,180,200,132,0,36,
0:0:3:336,180,200,127,0,34,
0:0:3:348,180,200,124,0,34,
0:0:3:361,180,200,118,0,33,
0:0:3:374,180,200,117,0,32,
0:0:3:386,180,200,118,3,31,
0:0:3:398,180,200,117,0,30,
0:0:3:411,180,200,122,0,31,
0:0:3:424,180,200,124,0,31,
0:0:3:436,180,200,123,0,28,
0:0:3:449,180,200,127,0,30,
0:0:3:462,180,200,125,0,28,
0:0:3:474,180,200,123,0,31,
0:0:3:487,180,200,118,0,29,
0:0:3:500,180,200,114,0,32,
0:0:3:513,180,200,106,0,31,
0:0:3:525,180,200,105,17,30,
0:0:3:537,180,200,100,1,30,
0:0:3:551,180,200,92,8,25,
0:0:3:563,180,200,87,16,30,
0:0:3:575,180,200,82,38,29,
0:0:3:589,180,200,76,0,28,
0:0:3:601,180,200,70,15,31,
0:0:3:613,180,200,65,3,28,
0:0:3:627,180,200,63,8,29,
0:0:3:639,180,200,62,0,29,
0:0:3:651,180,200,56,0,26,
0:0:3:664,180,200,56,0,27,
0:0:3:677,180,200,53,0,28,
0:0:3:689,180,200,54,1,31,
0:0:3:701,180,200,53,0,32,
0:0:3:715,180,200,58,0,34,
0:0:3:727,180,200,61,0,36,
0:0:3:740,180,200,60,24,37,
0:0:3:753,180,200,59,1,41,
0:0:3:767,180,200,49,0,45,
0:0:3:780,180,200,50,32,42,
0:0:3:792,180,200,50,17,44,
0:0:3:806,180,200,47,0,45,
0:0:3:819,180,200,52,20,43,
0:0:3:832,180,200,52,0,43,
0:0:3:846,180,200,50,0,43,
0:0:3:859,180,200,51,0,42,
0:0:3:872,180,200,45,0,42,
0:0:3:886,180,200,42,0,44,
0:0:3:898,180,200,43,0,44,
0:0:3:911,180,200,49,0,46,
0:0:3:924,180,200,55,3,45,
0:0:3:938,180,200,65,3,42,
0:0:3:951,180,200,76,0,44,
0:0:3:964,180,200,85,21,43,
0:0:3:978,180,200,99,10,46,
0:0:3:991,180,200,116,0,44,
0:0:4:4,180,200,122,8,43,
0:0:4:17,180,200,130,8,43,
0:0:4:30,180,200,137,8,41,
0:0:4:43,180,200,136,30,42,
0:0:4:57,180,200,134,16,41,
0:0:4:70,180,200,134,9,44,
0:0:4:83,180,200,131,0,44,
0:0:4:97,180,200,129,0,42,
0:0:4:109,180,200,131,0,45,
0:0:4:122,180,200,133,0,41,
0:0:4:135,180,200,139,0,43,
0:0:4:149,180,200,142,0,41,
0:0:4:162,180,200,137,8,43,
0:0:4:175,180,200,138,0,40,
0:0:4:189,180,200,136,0,41,
0:0:4:202,180,200,139,0,38,
0:0:4:215,180,200,139,0,37,
0:0:4:228,180,200,137,0,37,
0:0:4:240,180,200,136,7,32,
0:0:4:253,180,200,130,0,32,
0:0:4:265,180,200,128,17,34,
0:0:4:278,180,200,125,0,31,
0:0:4:291,180,200,128,0,26,
0:0:4:303,180,200,131,0,26,
0:0:4:316,180,200,130,0,23,
0:0:4:329,180,200,135,0,20,
0:0:4:341,180,200,132,0,24,
0:0:4:354,180,200,130,0,23,
0:0:4:367,180,200,128,0,21,
0:0:4:379,180,200,128,0,21,
0:0:4:391,180,200,123,0,20,
0:0:4:405,180,200,122,16,20,
0:0:4:417,180,200,115,0,21,
0:0:4:429,180,200,108,0,20,
0:0:4:443,180,200,104,0,21,
0:0:4:455,180,200,91,16,20,
0:0:4:467,180,200,81,21,20,
0:0:4:480,180,200,79,13,20,
0:0:4:493,180,200,72,8,20,
0:0:4:505,180,200,57,0,20,
0:0:4:517,180,200,49,7,20,
0:0:4:531,180,200,37,7,20,
0:0:4:543,180,200,20,13,20,
0:0:4:555,180,200,19,8,20,
0:0:4:569,180,200,17,7,20,
0:0:4:581,180,200,11,15,20,
0:0:4:593,180,200,9,7,20,
0:0:4:605,180,200,6,1,20,
0:0:4:619,180,200,3,15,20,
0:0:4:631,180,200,2,0,20,
0:0:4:643,180,200,1,3,20,
0:0:4:656,180,200,2,0,20,
0:0:4:669,180,200,2,0,20,
0:0:4:681,180,200,1,0,20,
0:0:4:694,180,200,0,0,20,
0:0:4:706,180,200,0,0,20,
0:0:4:718,180,200,0,0,20,
0:0:4:731,180,200,0,0,20,
0:0:4:744,180,200,0,0,20,
0:0:4:756,180,200,0,0,20,
0:0:4:768,180,200,0,1,20,
0:0:4:781,180,200,0,0,20,
0:0:4:793,180,200,0,0,20,
0:0:4:805,180,200,0,3,20,
0:0:4:818,180,200,0,0,20,
0:0:4:831,180,200,0,0,20,
0:0:4:843,180,200,0,0,20,
0:0:4:855,180,200,0,3,20,
0:0:4:868,180,200,0,0,20,
0:0:4:880,180,200,0,0,20,
0:0:4:892,180,200,0,0,20,
0:0:4:905,180,200,0,0,20,
0:0:4:918,180,200,0,0,20,
0:0:4:930,180,200,0,0,20,
0:0:4:942,180,200,0,0,20,
0:0:4:955,180,200,0,0,20,
0:0:4:967,180,200,0,0,20,
0:0:4:979,180,200,0,0,20,
0:0:4:993,180,200,0,0,20,
0:0:5:5,180,200,0,0,20,
0:0:5:17,180,200,0,0,20,
0:0:5:29,180,200,0,0,20,
0:0:5:42,180,200,0,0,20,
0:0:5:54,180,200,0,0,20,
0:0:5:66,180,200,0,0,20,
0:0:5:79,180,200,0,8,20,
0:0:5:91,180,200,0,0,20,
0:0:5:104,180,200,0,7,20,
0:0:5:116,180,200,0,0,20,
0:0:5:129,180,200,0,0,20,
0:0:5:141,180,200,0,0,20,
0:0:5:153,180,200,0,0,20,
0:0:5:166,180,200,0,0,20,
0:0:5:178,180,200,0,0,20,
0:0:5:191,180,200,0,0,20,
0:0:5:202,180,200,0,0,20,
0:0:5:215,180,200,0,0,20,
0:0:5:227,180,200,0,0,20,
0:0:5:240,180,200,0,0,20,
0:0:5:253,180,200,0,0,20,
0:0:5:264,180,200,0,0,20,
0:0:5:276,180,200,0,0,20,
0:0:5:289,180,200,0,0,20,
0:0:5:302,180,200,0,0,20,
0:0:5:314,180,200,0,0,20,
0:0:5:326,180,200,0,0,20,
0:0:5:339,180,200,0,0,20,
0:0:5:351,180,200,0,0,20,
0:0:5:363,180,200,0,0,20,
0:0:5:377,180,200,0,0,20,
0:0:5:389,180,200,0,0,20,
0:0:5:401,180,200,0,0,20,
0:0:5:413,180,200,0,0,20,
0:0:5:426,180,200,0,0,20,
0:0:5:438,180,200,0,0,20,
0:0:5:450,180,200,0,0,20,
0:0:5:464,180,200,0,0,20,
0:0:5:476,180,200,0,0,20,
0:0:5:488,180,200,0,0,20,
0:0:5:500,180,200,0,0,20,
0:0:5:513,180,200,0,0,20,
0:0:5:525,180,200,0,0,20,
0:0:5:537,180,200,0,0,20,
0:0:5:551,180,200,0,0,20,
0:0:5:563,180,200,0,0,20,
0:0:5:575,180,200,0,0,20,
0:0:5:587,180,200,0,0,20,
0:0:5:600,180,200,0,0,20,
0:0:5:612,180,200,0,0,20,
0:0:5:624,180,200,0,0,20,
0:0:5:638,180,200,0,0,20,
0:0:5:650,180,200,0,0,20,
0:0:5:662,180,200,0,0,20,
0:0:5:675,180,200,0,0,20,
0:0:5:687,180,200,0,0,20,
0:0:5:699,180,200,0,0,20,
0:0:5:711,180,200,0,0,20,
0:0:5:725,180,200,0,0,20,
0:0:5:737,180,200,0,0,20,
0:0:5:749,180,200,0,0,20,
0:0:5:762,180,200,0,0,20,
0:0:5:774,180,200,0,0,20,
0:0:5:786,180,200,0,0,20,
0:0:5:798,180,200,0,0,20,
0:0:5:812,180,200,0,0,20,
0:0:5:824,180,200,0,0,20,
0:0:5:836,180,200,0,0,20,
0:0:5:849,180,200,0,0,20,
0:0:5:861,180,200,0,0,20,
0:0:5:873,180,200,0,0,20,
0:0:5:885,180,200,0,0,20,
0:0:5:899,180,200,0,0,20,
0:0:5:911,180,200,0,0,20,
0:0:5:923,180,200,0,0,20,
0:0:5:936,180,200,0,0,20,
0:0:5:948,180,200,0,0,20,
0:0:5:960,180,200,0,0,20,
0:0:5:972,180,200,0,0,20,
0:0:5:986,180,200,0,0,20,
0:0:5:998,180,200,0,0,20,
0:0:6:10,180,200,0,0,20,
0:0:6:23,180,200,0,0,20,
0:0:6:35,180,200,0,0,20,
0:0:6:47,180,200,0,0,20,
0:0:6:60,180,200,0,28,20,
0:0:6:73,180,200,0,0,20,
0:0:6:85,180,200,0,0,20,
0:0:6:97,180,200,0,0,20,
0:0:6:110,180,200,0,0,20,
0:0:6:122,180,200,0,0,20,
0:0:6:134,180,200,0,0,20,
0:0:6:147,180,200,0,0,20,
0:0:6:159,180,200,0,0,20,
0:0:6:171,180,200,0,0,20,
0:0:6:183,180,200,0,0,20,
0:0:6:196,180,200,0,0,21,
0:0:6:208,180,200,0,0,21,
0:0:6:222,180,200,0,0,23,
0:0:6:235,180,200,0,0,26,
0:0:6:247,180,200,0,0,25,
0:0:6:260,180,200,0,0,29,
0:0:6:273,180,200,0,0,30,
0:0:6:285,180,200,0,0,34,
0:0:6:297,180,200,0,0,36,
0:0:6:309,180,200,0,0,38,
0:0:6:322,180,200,0,0,41,
0:0:6:335,180,200,0,0,39,
0:0:6:348,180,200,0,0,40,
0:0:6:361,180,200,0,0,40,
0:0:6:374,180,200,0,0,43,
0:0:6:387,180,200,0,0,40,
0:0:6:401,180,200,0,0,42,
0:0:6:413,180,200,1,0,41,
0:0:6:426,180,200,2,0,41,
0:0:6:439,180,200,7,0,41,
0:0:6:453,180,200,17,0,41,
0:0:6:465,180,200,21,24,44,
0:0:6:478,180,200,32,22,44,
0:0:6:492,180,200,43,0,42,
0:0:6:505,180,200,56,14,44,
0:0:6:518,180,200,71,8,42,
0:0:6:532,180,200,84,11,41,
0:0:6:545,180,200,99,16,43,
0:0:6:558,180,200,105,11,46,
0:0:6:572,180,200,110,135,44,
0:0:6:585,180,200,114,325,44,
0:0:6:598,110,200,120,518,46,
0:0:6:611,110,200,118,532,46,
0:0:6:625,110,200,121,508,46,
0:0:6:638,110,200,122,499,45,
0:0:6:651,110,200,121,475,43,
0:0:6:664,110,200,121,473,44,
0:0:6:677,110,200,121,465,43,
0:0:6:691,110,200,126,452,45,
0:0:6:705,110,200,130,435,44,
0:0:6:718,110,200,130,434,42,
0:0:6:731,110,200,133,424,46,
0:0:6:745,110,200,132,420,48,
0:0:6:757,110,200,127,420,46,
0:0:6:770,110,200,129,421,45,
0:0:6:784,110,200,135,417,45,
0:0:6:797,110,200,136,416,45,
0:0:6:810,110,200,137,412,47,
0:0:6:823,110,200,143,412,45,
0:0:6:837,110,200,132,412,46,
0:0:6:850,110,200,123,416,45,
0:0:6:863,110,200,119,414,43,
0:0:6:877,110,200,113,417,45,
0:0:6:890,110,200,110,417,45,
0:0:6:903,110,200,110,410,44,
0:0:6:917,110,200,110,407,45,
0:0:6:930,110,200,110,406,46,
0:0:6:943,110,200,110,405,43,
0:0:6:957,110,200,110,411,45,
0:0:6:970,110,200,110,409,42,
0:0:6:983,110,200,110,407,45,
0:0:6:996,110,200,110,408,43,
0:0:7:10,110,200,110,408,47,
0:0:7:23,110,200,110,416,45,
0:0:7:36,110,200,110,410,45,
0:0:7:50,110,200,110,408,47,
0:0:7:63,110,200,110,409,47,
0:0:7:76,110,200,110,406,45,
0:0:7:90,110,200,110,404,43,
0:0:7:103,110,200,110,407,44,
0:0:7:116,110,200,110,407,47,
0:0:7:130,110,200,119,407,45,
0:0:7:143,110,200,117,406,44,
0:0:7:156,110,200,114,404,46,
0:0:7:170,110,200,114,402,48,
0:0:7:183,110,200,112,403,47,
0:0:7:196,110,200,110,406,45,
0:0:7:209,110,200,110,405,42,
0:0:7:223,110,200,110,404,41,
0:0:7:236,110,200,110,405,41,
0:0:7:249,110,200,110,405,41,
0:0:7:262,110,200,110,409,35,
0:0:7:274,110,200,110,406,34,
0:0:7:287,110,200,110,405,33,
0:0:7:300,110,200,110,405,28,
0:0:7:313,110,200,110,406,29,
0:0:7:325,110,200,110,403,29,
0:0:7:339,110,200,110,403,29,
0:0:7:351,110,200,110,400,25,
0:0:7:363,110,200,110,400,24,
0:0:7:376,110,200,110,398,23,
0:0:7:389,110,200,110,396,22,
0:0:7:401,110,200,110,394,21,
0:0:7:414,110,200,110,392,20,
0:0:7:427,110,200,115,392,20,
0:0:7:439,110,200,114,395,20,
0:0:7:452,110,200,112,388,20,
0:0:7:464,110,200,112,388,20,
0:0:7:478,110,200,103,391,20,
0:0:7:490,110,200,94,385,20,
0:0:7:502,110,200,86,394,20,
0:0:7:516,110,200,70,263,20,
0:0:7:528,110,200,61,136,20,
0:0:7:541,110,200,56,8,20,
0:0:7:554,110,200,52,4,20,
0:0:7:566,110,200,42,3,20,
0:0:7:579,110,200,35,11,20,
0:0:7:591,110,200,28,0,20,
0:0:7:604,110,200,20,14,20,
0:0:7:617,110,200,13,11,20,
0:0:7:629,110,200,7,9,20,
0:0:7:642,110,200,4,8,20,
0:0:7:654,110,200,1,0,20,
0:0:7:667,110,200,0,11,20,
0:0:7:680,110,200,0,0,20,
0:0:7:692,110,200,0,0,21,
0:0:7:704,110,200,0,0,20,
0:0:7:716,110,200,0,0,20,
0:0:7:729,110,200,0,3,20,
0:0:7:742,110,200,0,0,20,
0:0:7:754,110,200,0,0,20,
0:0:7:767,110,200,0,0,20,
0:0:7:779,110,200,0,0,20,
0:0:7:791,110,200,0,0,20,
0:0:7:803,110,200,0,0,20,
0:0:7:816,110,200,0,1,20,
0:0:7:829,110,200,0,0,20,
0:0:7:841,110,200,0,8,20,
0:0:7:854,110,200,0,0,20,
0:0:7:866,110,200,0,0,21,
0:0:7:878,110,200,0,0,20,
0:0:7:890,110,200,0,1,20,
0:0:7:904,110,200,1,16,21,
0:0:7:915,110,200,1,1,20,
0:0:7:927,110,200,0,0,20,
0:0:7:941,110,200,0,0,20,
0:0:7:953,110,200,0,0,20,
0:0:7:965,110,200,0,0,20,
0:0:7:977,110,200,0,32,20,
0:0:7:990,110,200,0,0,20,
0:0:8:2,110,200,0,16,20,
0:0:8:15,110,200,0,0,20,
0:0:8:28,110,200,0,0,20,
0:0:8:40,110,200,0,0,20,
0:0:8:52,110,200,0,0,20,
0:0:8:65,110,200,0,0,20,
0:0:8:77,110,200,1,0,20,
0:0:8:89,110,200,1,0,20,
0:0:8:101,110,200,0,0,20,
0:0:8:115,110,200,2,0,20,
0:0:8:127,110,200,1,0,20,
0:0:8:139,110,200,0,0,20,
0:0:8:152,110,200,0,0,20,
0:0:8:164,110,200,0,0,20,
0:0:8:177,110,200,0,0,20,
0:0:8:189,110,200,0,0,23,
0:0:8:202,110,200,0,0,25,
0:0:8:214,110,200,0,1,28,
0:0:8:226,110,200,0,32,33,
0:0:8:239,110,200,0,0,35,
0:0:8:252,110,200,0,3,39,
0:0:8:264,110,200,0,0,39,
0:0:8:276,110,200,0,9,40,
0:0:8:290,110,200,0,0,43,
0:0:8:303,110,200,0,0,40,
0:0:8:316,110,200,0,1,42,
0:0:8:329,110,200,0,0,41,
0:0:8:342,110,200,0,0,43,
0:0:8:355,110,200,0,0,42,
0:0:8:368,110,200,0,8,42,
0:0:8:381,110,200,0,2,43,
0:0:8:394,110,200,0,0,43,
0:0:8:407,110,200,0,0,42,
0:0:8:420,110,200,5,0,45,
0:0:8:433,110,200,13,0,44,
0:0:8:446,110,200,25,32,42,
0:0:8:460,110,200,44,0,42,
0:0:8:473,110,200,61,16,44,
0:0:8:486,110,200,80,12,44,
0:0:8:499,110,200,94,9,44,
0:0:8:512,110,200,102,3,43,
0:0:8:525,110,200,107,0,44,
0:0:8:539,110,200,109,12,43,
0:0:8:552,110,200,109,9,45,
0:0:8:565,110,200,110,6,45,
0:0:8:579,110,200,110,13,46,
0:0:8:592,110,200,110,112,45,
0:0:8:604,110,200,110,256,43,
0:0:8:617,110,200,110,428,43,
0:0:8:631,110,200,110,435,45,
0:0:8:644,110,200,110,405,45,
0:0:8:657,110,200,110,403,44,
0:0:8:671,110,200,110,399,48,
0:0:8:684,110,200,110,399,44,
0:0:8:697,110,200,110,397,43,
0:0:8:711,110,200,110,394,45,
0:0:8:724,110,200,110,393,45,
0:0:8:737,110,200,110,393,43,
0:0:8:751,110,200,110,391,44,
0:0:8:764,110,200,110,391,41,
0:0:8:777,110,200,110,387,44,
0:0:8:791,110,200,110,387,46,
0:0:8:803,110,200,110,386,44,
0:0:8:816,110,200,110,383,43,
0:0:8:829,110,200,110,382,47,
0:0:8:843,110,200,110,378,42,
0:0:8:856,110,200,110,373,46,
0:0:8:869,110,200,110,372,46,
0:0:8:883,110,200,110,373,46,
0:0:8:896,110,200,110,376,47,
0:0:8:909,110,200,110,375,44,
0:0:8:923,110,200,110,367,42,
0:0:8:936,110,200,110,364,44,
0:0:8:949,110,200,110,360,44,
0:0:8:962,110,200,110,361,45,
0:0:8:975,110,200,110,353,45,
0:0:8:988,110,200,110,346,46,
0:0:9:1,110,200,110,335,44,
0:0:9:15,110,200,110,250,43,
0:0:9:28,110,200,110,254,39,
0:0:9:41,110,200,110,249,40,
0:0:9:54,110,200,110,246,37,
0:0:9:66,110,200,110,243,35,
0:0:9:79,110,200,110,243,37,
0:0:9:92,110,200,110,247,29,
0:0:9:104,110,200,110,245,33,
0:0:9:117,110,200,110,241,28,
0:0:9:129,110,200,110,240,24,
0:0:9:142,110,200,110,242,26,
0:0:9:155,110,200,110,249,24,
0:0:9:167,110,200,110,240,24,
0:0:9:180,110,200,110,242,24,
0:0:9:193,110,200,110,240,24,
0:0:9:205,110,200,110,240,20,
0:0:9:218,110,200,110,241,20,
0:0:9:231,110,200,110,242,20,
0:0:9:243,110,200,109,239,20,
0:0:9:256,110,200,109,239,20,
0:0:9:268,110,200,105,242,20,
0:0:9:281,110,200,98,239,20,
0:0:9:293,110,200,97,224,20,
0:0:9:307,110,200,81,160,20,
0:0:9:319,110,200,76,120,20,
0:0:9:331,110,200,66,83,20,
0:0:9:345,110,200,48,0,20,
0:0:9:357,110,200,41,10,20,
0:0:9:369,110,200,33,11,21,
0:0:9:382,110,200,26,15,21,
0:0:9:395,110,200,24,7,20,
0:0:9:407,110,200,23,0,21,
0:0:9:420,110,200,15,0,21,
0:0:9:433,110,200,9,0,23,
0:0:9:445,110,200,5,14,22,
0:0:9:458,110,200,1,0,21,
0:0:9:470,110,200,0,0,21,
0:0:9:483,110,200,0,7,21,
0:0:9:495,110,200,0,0,23,
0:0:9:509,110,200,0,0,21,
0:0:9:522,110,200,0,43,21,
0:0:9:534,110,200,0,0,21,
0:0:9:546,110,200,0,0,20,
0:0:9:560,110,200,0,0,20,
0:0:9:572,110,200,0,2,20,
0:0:9:584,110,200,1,0,21,
0:0:9:596,110,200,2,0,22,
0:0:9:609,110,200,2,0,20,
0:0:9:622,110,200,3,0,23,
0:0:9:634,110,200,4,0,21,
0:0:9:647,110,200,8,0,21,
0:0:9:659,110,200,9,0,21,
0:0:9:671,110,200,8,3,21,
0:0:9:684,110,200,8,0,23,
0:0:9:697,110,200,7,0,20,
0:0:9:709,110,200,9,0,20,
0:0:9:722,110,200,8,3,20,
0:0:9:735,110,200,7,0,20,
0:0:9:747,110,200,7,0,20,
0:0:9:759,110,200,4,0,20,
0:0:9:772,110,200,2,0,23,
0:0:9:784,110,200,1,0,26,
0:0:9:797,110,200,2,3,27,
0:0:9:809,110,200,4,9,35,
0:0:9:822,110,200,3,2,37,
0:0:9:835,110,200,8,0,38,
0:0:9:848,110,200,8,0,43,
0:0:9:861,110,200,8,3,43,
0:0:9:874,110,200,6,0,44,
0:0:9:887,110,200,6,0,42,
0:0:9:901,110,200,6,0,45,
0:0:9:914,110,200,9,0,41,
0:0:9:926,110,200,6,16,45,
0:0:9:939,110,200,4,0,47,
0:0:9:953,110,200,3,0,46,
0:0:9:966,110,200,1,28,42,
0:0:9:979,110,200,0,1,43,
0:0:9:992,110,200,0,11,40,
0:0:10:5,110,200,5,11,45,
0:0:10:18,110,200,15,0,45,
0:0:10:32,110,200,24,0,41,
0:0:10:45,110,200,47,26,44,
0:0:10:58,110,200,67,21,44,
0:0:10:72,110,200,82,13,46,
0:0:10:85,110,200,96,14,45,
0:0:10:97,110,200,104,5,45,
0:0:10:110,110,200,107,13,45,
0:0:10:124,110,200,109,7,43,
0:0:10:137,110,200,110,5,44,
0:0:10:150,110,200,110,11,47,
0:0:10:164,110,200,110,5,44,
0:0:10:177,110,200,110,0,43,
0:0:10:190,110,200,110,11,43,
0:0:10:204,110,200,110,0,46,
0:0:10:217,110,200,110,118,44,
0:0:10:230,110,200,110,182,47,
0:0:10:244,110,200,110,243,44,
0:0:10:257,110,200,110,274,45,
0:0:10:270,110,200,110,239,45,
0:0:10:284,110,200,110,242,44,
0:0:10:297,110,200,110,240,42,
0:0:10:310,110,200,110,243,44,
0:0:10:323,110,200,110,240,47,
0:0:10:337,110,200,110,242,45,
0:0:10:350,110,200,110,240,45,
0:0:10:363,110,200,110,249,42,
0:0:10:377,110,200,110,242,43,
0:0:10:390,110,200,110,243,45,
0:0:10:402,110,200,110,242,47,
0:0:10:416,110,200,110,240,42,
0:0:10:429,110,200,110,243,44,
0:0:10:442,110,200,110,240,46,
0:0:10:456,110,200,110,240,42,
0:0:10:469,110,200,110,242,44,
0:0:10:482,110,200,110,239,44,
0:0:10:496,110,200,110,243,45,
0:0:10:509,110,200,110,239,46,
0:0:10:522,110,200,110,240,42,
0:0:10:535,110,200,110,241,44,
0:0:10:549,110,200,110,242,46,
0:0:10:562,110,200,110,245,45,
0:0:10:575,110,200,110,242,43,
0:0:10:589,110,200,110,248,43,
0:0:10:602,110,200,110,242,42,
0:0:10:615,110,200,110,243,45,
0:0:10:629,110,200,110,242,46,
0:0:10:642,110,200,110,241,45,
0:0:10:655,110,200,110,242,46,
0:0:10:669,110,200,110,247,43,
0:0:10:682,110,200,110,242,44,
0:0:10:695,110,200,110,239,43,
0:0:10:708,110,200,110,242,46,
0:0:10:722,110,200,110,247,44,
0:0:10:735,110,200,110,243,47,
0:0:10:748,110,200,110,242,46,
0:0:10:762,110,200,110,249,43,
0:0:10:775,110,200,110,242,42,
0:0:10:788,110,200,110,243,44,
0:0:10:802,110,200,110,242,44,
0:0:10:814,110,200,110,240,47,
0:0:10:827,110,200,110,242,44,
0:0:10:841,110,200,110,247,44,
0:0:10:854,110,200,110,243,45,
0:0:10:867,110,200,110,248,47,
0:0:10:881,110,200,110,243,46,
0:0:10:894,110,200,110,240,42,
0:0:10:907,110,200,110,239,48,
0:0:10:920,110,200,110,244,44,
0:0:10:934,110,200,110,242,44,
0:0:10:947,110,200,110,245,49,
0:0:10:960,110,200,110,241,46,
0:0:10:974,110,200,110,239,44,
0:0:10:987,110,200,110,240,47,
0:0:11:0,110,200,110,252,43,
0:0:11:14,110,200,110,239,45,
0:0:11:27,110,200,110,240,45,
0:0:11:40,110,200,110,232,43,
0:0:11:53,110,200,110,236,47,
0:0:11:66,110,200,110,235,45,
0:0:11:79,110,200,110,233,45,
0:0:11:92,110,200,110,231,41,
0:0:11:106,110,200,110,215,42,
0:0:11:119,110,200,110,202,40,
0:0:11:132,110,200,110,183,36,
0:0:11:145,110,200,110,185,36,
0:0:11:157,110,200,110,183,35,
0:0:11:170,110,200,110,185,32,
0:0:11:183,110,200,110,187,30,
0:0:11:196,110,200,110,190,28,
0:0:11:208,110,200,110,188,27,
0:0:11:220,110,200,110,189,26,
0:0:11:234,110,200,110,189,27,
0:0:11:246,110,200,110,189,27,
0:0:11:258,110,200,110,191,24,
0:0:11:272,110,200,110,190,24,
0:0:11:284,110,200,110,188,23,
0:0:11:297,110,200,110,188,24,
0:0:11:310,110,200,110,185,25,
0:0:11:322,110,200,110,183,25,
0:0:11:335,110,200,110,171,25,
0:0:11:347,110,200,104,176,25,
0:0:11:361,110,200,99,165,24,
0:0:11:373,110,200,94,127,24,
0:0:11:386,110,200,84,138,20,
0:0:11:399,110,200,73,108,21,
0:0:11:412,110,200,63,87,22,
0:0:11:424,110,200,53,96,21,
0:0:11:437,110,200,44,95,20,
0:0:11:450,110,200,40,88,20,
0:0:11:462,110,200,39,84,20,
0:0:11:475,110,200,33,75,20,
0:0:11:488,110,200,29,68,20,
0:0:11:500,110,200,25,66,20,
0:0:11:513,110,200,22,48,20,
0:0:11:526,110,200,23,64,20,
0:0:11:539,110,200,24,48,20,
0:0:11:551,110,200,26,39,20,
0:0:11:564,110,200,27,124,20,
0:0:11:577,110,200,26,28,20,
0:0:11:589,110,200,25,24,20,
0:0:11:601,110,200,16,19,20,
0:0:11:614,110,200,11,16,20,
0:0:11:627,110,200,10,34,20,
0:0:11:639,110,200,7,12,20,
0:0:11:653,110,200,3,15,20,
0:0:11:665,110,200,3,28,20,
0:0:11:677,110,200,1,12,20,
0:0:11:691,110,200,0,12,20,
0:0:11:703,110,200,0,32,20,
0:0:11:715,110,200,0,12,20,
0:0:11:727,110,200,0,12,20,
0:0:11:741,110,200,0,17,20,
0:0:11:753,110,200,0,12,23,
0:0:11:765,110,200,0,19,26,
0:0:11:778,110,200,0,19,27,
0:0:11:791,110,200,0,16,31,
0:0:11:803,110,200,0,14,30,
0:0:11:815,110,200,0,17,33,
0:0:11:828,110,200,0,13,34,
0:0:11:841,110,200,0,14,35,
0:0:11:853,110,200,0,14,37,
0:0:11:866,110,200,0,13,38,
0:0:11:878,110,200,0,13,38,
0:0:11:890,110,200,0,12,38,
0:0:11:904,110,200,0,11,37,
0:0:11:916,110,200,0,17,36,
0:0:11:928,110,200,0,10,34,
0:0:11:940,110,200,0,13,32,
0:0:11:954,110,200,0,7,27,
0:0:11:966,110,200,5,7,25,
0:0:11:978,110,200,15,7,23,
0:0:11:991,110,200,24,6,20,
0:0:12:4,110,200,39,32,21,
0:0:12:16,110,200,48,24,21,
0:0:12:28,110,200,59,28,21,
0:0:12:42,110,200,68,16,20,
0:0:12:54,110,200,75,17,20,
0:0:12:66,110,200,84,16,20,
0:0:12:80,110,200,92,19,21,
0:0:12:92,110,200,97,10,24,
0:0:12:105,110,200,100,10,26,
0:0:12:118,110,200,100,17,27,
0:0:12:130,110,200,98,9,31,
0:0:12:143,110,200,91,17,29,
0:0:12:155,110,200,83,12,33,
0:0:12:169,110,200,67,41,36,
0:0:12:181,110,200,51,32,35,
0:0:12:193,110,200,37,28,36,
0:0:12:207,110,200,21,22,37,
0:0:12:219,110,200,21,16,40,
0:0:12:232,110,200,8,12,36,
0:0:12:244,110,200,5,12,37,
0:0:12:257,110,200,2,0,38,
0:0:12:270,110,200,2,6,36,
0:0:12:282,110,200,1,11,38,
0:0:12:296,110,200,2,4,36,
0:0:12:308,110,200,8,4,35,
0:0:12:320,110,200,17,1,30,
0:0:12:334,110,200,26,0,27,
0:0:12:346,110,200,40,24,21,
0:0:12:358,110,200,47,17,20,
0:0:12:371,110,200,57,21,20,
0:0:12:384,110,200,71,13,20,
0:0:12:397,110,200,77,14,20,
0:0:12:408,110,200,84,15,20,
0:0:12:422,110,200,91,13,20,
0:0:12:434,110,200,98,12,20,
0:0:12:447,110,200,97,10,20,
0:0:12:460,110,200,98,2,20,
0:0:12:472,110,200,100,0,20,
0:0:12:485,110,200,97,5,21,
0:0:12:497,110,200,98,3,26,
0:0:12:510,110,200,97,0,27,
0:0:12:523,110,200,92,0,29,
0:0:12:535,110,200,80,0,33,
0:0:12:548,110,200,65,26,31,
0:0:12:561,110,200,43,0,36,
0:0:12:573,110,200,24,3,38,
0:0:12:587,110,200,12,9,38,
0:0:12:599,110,200,4,6,39,
0:0:12:611,110,200,0,8,39,
0:0:12:624,110,200,0,9,39,
0:0:12:638,110,200,0,16,40,
0:0:12:651,110,200,0,11,38,
0:0:12:663,110,200,0,8,39,
0:0:12:677,110,200,0,3,41,
0:0:12:690,110,200,0,0,39,
0:0:12:703,110,200,0,7,40,
0:0:12:716,110,200,1,2,41,
0:0:12:729,110,200,12,0,40,
0:0:12:742,110,200,33,0,39,
0:0:12:755,110,200,50,32,37,
0:0:12:768,110,200,57,23,37,
0:0:12:781,110,200,70,15,32,
0:0:12:796,110,200,84,15,29,
0:0:12:809,110,200,92,15,27,
0:0:12:821,110,200,99,11,25,
0:0:12:834,110,200,105,10,20,
0:0:12:847,110,200,107,16,20,
0:0:12:860,110,200,108,9,20,
0:0:12:872,110,200,107,0,20,
0:0:12:884,110,200,107,8,20,
0:0:12:898,110,200,108,1,20,
0:0:12:910,110,200,108,0,20,
0:0:12:923,110,200,109,84,20,
0:0:12:936,110,200,109,116,20,
0:0:12:948,110,200,109,129,20,
0:0:12:961,110,200,109,168,20,
0:0:12:974,110,200,105,179,20,
0:0:12:987,110,200,102,173,22,
0:0:12:999,110,200,91,128,20,
0:0:13:12,110,200,76,119,21,
0:0:13:25,110,200,62,134,20,
0:0:13:38,110,200,47,115,21,
0:0:13:50,110,200,27,74,21,
0:0:13:63,110,200,15,8,21,
0:0:13:76,110,200,8,22,20,
0:0:13:88,110,200,2,31,20,
0:0:13:101,110,200,0,40,21,
0:0:13:114,110,200,0,21,22,
0:0:13:126,110,200,0,18,20,
0:0:13:138,110,200,0,20,20,
0:0:13:151,110,200,0,40,20,
0:0:13:163,110,200,0,9,21,
0:0:13:176,110,200,0,16,23,
0:0:13:189,110,200,0,23,20,
0:0:13:201,110,200,3,8,20,
0:0:13:213,110,200,2,10,20,
0:0:13:227,110,200,3,6,20,
0:0:13:239,110,200,3,1,20,
0:0:13:251,110,200,3,5,22,
0:0:13:263,110,200,3,5,20,
0:0:13:276,110,200,4,5,20,
0:0:13:289,110,200,2,9,20,
0:0:13:301,110,200,2,7,20,
0:0:13:314,110,200,2,2,20,
0:0:13:327,110,200,5,2,20,
0:0:13:339,110,200,3,3,24,
0:0:13:351,110,200,2,16,24,
0:0:13:364,110,200,2,2,28,
0:0:13:377,110,200,2,1,35,
0:0:13:389,110,200,6,3,34,
0:0:13:402,110,200,5,4,38,
0:0:13:415,110,200,5,4,43,
0:0:13:428,110,200,3,0,42,
0:0:13:442,110,200,3,8,43,
0:0:13:455,110,200,1,0,41,
0:0:13:467,110,200,0,0,43,
0:0:13:480,110,200,3,0,44,
0:0:13:494,110,200,2,7,46,
0:0:13:507,110,200,1,0,45,
0:0:13:520,110,200,1,0,43,
0:0:13:533,110,200,0,1,44,
0:0:13:546,110,200,0,0,45,
0:0:13:559,110,200,0,0,44,
0:0:13:573,110,200,7,0,43,
0:0:13:586,110,200,13,16,43,
0:0:13:599,110,200,24,19,43,
0:0:13:613,110,200,47,18,43,
0:0:13:626,110,200,61,18,43,
0:0:13:639,110,200,78,11,44,
0:0:13:651,110,200,93,8,42,
0:0:13:665,110,200,101,9,45,
0:0:13:678,110,200,106,6,43,
0:0:13:691,110,200,109,5,42,
0:0:13:705,110,200,110,9,41,
0:0:13:718,110,200,110,0,41,
0:0:13:731,110,200,110,6,39,
0:0:13:744,110,200,110,20,36,
0:0:13:756,110,200,110,1,31,
0:0:13:769,110,200,110,0,26,
0:0:13:782,110,200,110,103,21,
0:0:13:794,110,200,110,124,20,
0:0:13:807,110,200,110,125,20,
0:0:13:819,110,200,110,124,20,
0:0:13:833,110,200,110,125,20,
0:0:13:845,110,200,110,124,20,
0:0:13:857,110,200,110,125,20,
0:0:13:871,110,200,110,124,20,
0:0:13:883,110,200,110,121,20,
0:0:13:896,110,200,110,124,20,
0:0:13:908,110,200,110,124,20,
0:0:13:921,110,200,110,124,20,
0:0:13:934,110,200,110,125,21,
0:0:13:946,110,200,109,125,20,
0:0:13:960,110,200,103,124,20,
0:0:13:972,110,200,89,123,20,
0:0:13:985,110,200,69,147,20,
0:0:13:998,110,200,45,133,20,
0:0:14:11,110,200,25,112,20,
0:0:14:23,110,200,11,112,20,
0:0:14:35,110,200,3,66,20,
0:0:14:49,110,200,0,48,21,
0:0:14:61,110,200,0,48,21,
0:0:14:73,110,200,0,55,22,
0:0:14:86,110,200,0,28,20,
0:0:14:99,110,200,0,26,20,
0:0:14:111,110,200,0,37,20,
0:0:14:124,110,200,0,18,21,
0:0:14:136,110,200,0,21,20,
0:0:14:148,110,200,1,24,21,
0:0:14:161,110,200,1,16,22,
0:0:14:174,110,200,0,18,21,
0:0:14:186,110,200,0,15,22,
0:0:14:199,110,200,0,26,20,
0:0:14:212,110,200,0,13,21,
0:0:14:224,110,200,0,8,20,
0:0:14:236,110,200,0,4,21,
0:0:14:248,110,200,0,11,20,
0:0:14:261,110,200,1,11,22,
0:0:14:274,110,200,2,17,22,
0:0:14:286,110,200,5,3,22,
0:0:14:299,110,200,4,4,20,
0:0:14:311,110,200,3,5,21,
0:0:14:324,110,200,2,63,20,
0:0:14:337,110,200,2,0,21,
0:0:14:349,110,200,1,0,20,
0:0:14:362,110,200,2,1,21,
0:0:14:374,110,200,5,0,20,
0:0:14:387,110,200,5,19,20,
0:0:14:400,110,200,7,0,20,
0:0:14:412,110,200,5,1,21,
0:0:14:425,110,200,5,7,20,
0:0:14:437,110,200,3,8,20,
0:0:14:450,110,200,3,1,20,
0:0:14:462,110,200,2,1,20,
0:0:14:475,110,200,4,0,22,
0:0:14:488,110,200,7,0,23,
0:0:14:500,110,200,8,1,20,
0:0:14:513,110,200,6,17,22,
0:0:14:526,110,200,6,16,21,
0:0:14:538,110,200,4,7,22,
0:0:14:551,110,200,3,1,21,
0:0:14:564,110,200,2,0,21,
0:0:14:576,110,200,2,0,24,
0:0:14:588,110,200,2,3,20,
0:0:14:601,110,200,1,1,20,
0:0:14:614,110,200,0,3,22,
0:0:14:626,110,200,2,4,22,
0:0:14:639,110,200,1,7,21,
0:0:14:651,110,200,0,9,20,
0:0:14:664,110,200,0,6,21,
0:0:14:676,110,200,0,0,20,
0:0:14:689,110,200,3,0,22,
0:0:14:702,110,200,8,1,22,
0:0:14:714,110,200,6,0,20,
0:0:14:727,110,200,8,19,24,
0:0:14:739,110,200,8,3,20,
0:0:14:752,110,200,8,1,23,
0:0:14:765,110,200,7,3,21,
0:0:14:777,110,200,6,7,22,
0:0:14:790,110,200,12,0,20,
0:0:14:802,110,200,8,0,23,
0:0:14:815,110,200,5,0,20,
0:0:14:828,110,200,7,0,20,
0:0:14:840,110,200,8,3,21,
0:0:14:853,110,200,6,0,21,
0:0:14:865,110,200,4,17,20,
0:0:14:878,110,200,5,8,20,
0:0:14:891,110,200,3,0,22,
0:0:14:903,110,200,4,0,20,
0:0:14:916,110,200,7,0,23,
0:0:14:928,110,200,5,0,23,
0:0:14:941,110,200,11,0,20,
0:0:14:954,110,200,8,9,20,
0:0:14:966,110,200,10,0,21,
0:0:14:979,110,200,9,0,21,
0:0:14:992,110,200,9,8,22,
0:0:15:4,110,200,6,0,21,
0:0:15:16,110,200,9,0,20,
0:0:15:29,110,200,6,1,21,
0:0:15:41,110,200,3,0,20,
0:0:15:54,110,200,4,0,20,
0:0:15:67,110,200,4,16,21,
0:0:15:79,110,200,2,0,21,
0:0:15:91,110,200,1,0,21,
0:0:15:105,110,200,4,25,22,
0:0:15:117,110,200,3,3,21,
0:0:15:129,110,200,7,0,20,
0:0:15:142,110,200,11,0,21,
0:0:15:155,110,200,8,0,20,
0:0:15:167,110,200,5,3,20,
0:0:15:179,110,200,5,1,20,
0:0:15:192,110,200,4,0,20,
0:0:15:204,110,200,5,0,22,
0:0:15:217,110,200,6,0,21,
0:0:15:229,110,200,4,0,20,
0:0:15:242,110,200,4,0,20,
0:0:15:255,110,200,3,0,21,
0:0:15:267,110,200,1,9,21,
0:0:15:280,110,200,2,0,21,
0:0:15:293,110,200,3,0,23,
0:0:15:305,110,200,3,1,22,
0:0:15:318,110,200,6,0,22,
0:0:15:330,110,200,6,0,22,
0:0:15:343,110,200,4,3,20,
0:0:15:355,110,200,4,0,20,
0:0:15:368,110,200,3,0,21,
0:0:15:381,110,200,1,0,22,
0:0:15:393,110,200,0,0,20,
0:0:15:406,110,200,0,0,20,
0:0:15:418,110,200,3,3,20,
0:0:15:431,110,200,4,0,22,
0:0:15:443,110,200,3,0,21,
0:0:15:456,110,200,2,0,21,
0:0:15:469,110,200,3,0,21,
0:0:15:481,110,200,3,8,21,
0:0:15:494,110,200,3,0,21,
0:0:15:506,110,200,8,0,20,
0:0:15:519,110,200,10,0,22,
0:0:15:532,110,200,10,2,20,
0:0:15:544,110,200,11,0,21,
0:0:15:556,110,200,7,0,22,
0:0:15:569,110,200,4,0,20,
0:0:15:582,110,200,4,0,20,
0:0:15:594,110,200,5,1,22,
0:0:15:607,110,200,3,0,21,
0:0:15:620,110,200,2,0,21,
0:0:15:632,110,200,2,0,21,
0:0:15:644,110,200,4,7,20,
0:0:15:656,110,200,4,0,22,
0:0:15:669,110,200,4,0,22,
0:0:15:682,110,200,5,0,21,
0:0:15:694,110,200,5,0,20,
0:0:15:707,110,200,5,0,21,
0:0:15:720,110,200,3,3,21,
0:0:15:731,110,200,5,0,20,
0:0:15:745,110,200,4,0,21,
0:0:15:757,110,200,3,0,21,
0:0:15:769,110,200,6,0,22,
0:0:15:782,110,200,4,0,20,
0:0:15:795,110,200,2,0,23,
0:0:15:807,110,200,5,0,20,
0:0:15:819,110,200,5,0,22,
0:0:15:833,110,200,4,1,21,
0:0:15:845,110,200,5,0,20,
0:0:15:857,110,200,3,0,21,
0:0:15:869,110,200,5,0,20,
0:0:15:882,110,200,7,0,20,
0:0:15:895,110,200,6,3,22,
0:0:15:907,110,200,4,0,20,
0:0:15:920,110,200,5,0,21,
0:0:15:933,110,200,4,0,20,
0:0:15:945,110,200,2,0,21,
0:0:15:958,110,200,3,0,20,
0:0:15:970,110,200,4,0,20,
0:0:15:983,110,200,6,0,21,
0:0:15:995,110,200,4,0,22,
0:0:16:8,110,200,8,0,21,
0:0:16:22,110,200,6,0,23,
0:0:16:35,110,200,7,0,22,
0:0:16:48,110,200,7,0,21,
0:0:16:60,110,200,4,0,20,
0:0:16:72,110,200,4,0,21,
0:0:16:86,110,200,3,0,20,
0:0:16:98,110,200,1,0,23,
0:0:16:110,110,200,4,0,22,
0:0:16:122,110,200,3,1,21,
0:0:16:136,110,200,3,0,21,
0:0:16:148,110,200,3,0,22,
0:0:16:160,110,200,3,0,20,
0:0:16:173,110,200,2,0,22,
0:0:16:186,110,200,1,0,21,
0:0:16:198,110,200,2,0,21,
0:0:16:210,110,200,5,0,20,
0:0:16:223,110,200,5,0,20,
0:0:16:235,110,200,9,0,20,
0:0:16:248,110,200,11,0,21,
0:0:16:261,110,200,9,0,20,
0:0:16:273,110,200,6,3,21,
0:0:16:286,110,200,5,0,20,
0:0:16:299,110,200,3,0,20,
0:0:16:311,110,200,6,0,20,
0:0:16:323,110,200,8,0,22,
0:0:16:336,110,200,7,0,20,
0:0:16:349,110,200,7,0,22,
0:0:16:361,110,200,9,0,20,
0:0:16:374,110,200,5,0,21,
0:0:16:387,110,200,6,0,21,
0:0:16:399,110,200,6,0,20,
0:0:16:412,110,200,5,0,23,
0:0:16:424,110,200,3,1,20,
0:0:16:437,110,200,2,0,21,
0:0:16:449,110,200,1,0,20,
0:0:16:462,110,200,2,0,20,
0:0:16:475,110,200,1,3,22,
0:0:16:487,110,200,2,0,23,
0:0:16:500,110,200,2,0,20,
0:0:16:513,110,200,1,0,22,
0:0:16:525,110,200,0,0,21,
0:0:16:537,110,200,4,0,22,
0:0:16:550,110,200,2,0,20,
0:0:16:563,110,200,5,0,20,
0:0:16:575,110,200,4,0,22,
0:0:16:588,110,200,4,0,20,
0:0:16:601,110,200,4,0,22,
0:0:16:613,110,200,3,0,20,
0:0:16:625,110,200,7,0,21,
0:0:16:637,110,200,5,0,22,
0:0:16:650,110,200,4,0,21,
0:0:16:663,110,200,4,7,21,
0:0:16:675,110,200,2,0,21,
0:0:16:688,110,200,4,0,20,
0:0:16:701,110,200,8,0,21,
0:0:16:713,110,200,6,0,21,
0:0:16:726,110,200,8,1,20,
0:0:16:738,110,200,8,0,20,
0:0:16:751,110,200,8,0,20,
0:0:16:763,110,200,5,0,21,
0:0:16:776,110,200,3,0,20,
0:0:16:789,110,200,5,3,21,
0:0:16:801,110,200,3,3,20,
0:0:16:814,110,200,5,0,20,
0:0:16:826,110,200,4,0,21,
0:0:16:839,110,200,4,0,20,
0:0:16:851,110,200,6,0,21,
0:0:16:864,110,200,6,2,23,
0:0:16:877,110,200,5,0,21,
0:0:16:889,110,200,6,0,21,
0:0:16:902,110,200,3,0,21,
0:0:16:914,110,200,3,0,21,
0:0:16:927,110,200,4,0,21,
0:0:16:940,110,200,2,0,21,
0:0:16:952,110,200,1,1,21,
0:0:16:965,110,200,1,25,21,
0:0:16:977,110,200,2,12,20,
0:0:16:990,110,200,1,0,20,
0:0:17:3,110,200,2,0,22,
0:0:17:15,110,200,2,0,21,
0:0:17:28,110,200,1,0,20,
0:0:17:40,110,200,2,0,22,
0:0:17:52,110,200,1,0,20,
0:0:17:65,110,200,2,0,20,
0:0:17:78,110,200,7,0,22,
0:0:17:90,110,200,7,0,20,
0:0:17:102,110,200,6,3,21,
0:0:17:115,110,200,7,0,20,
0:0:17:127,110,200,6,1,21,
0:0:17:140,110,200,5,0,20,
0:0:17:153,110,200,5,0,22,
0:0:17:165,110,200,5,0,20,
0:0:17:178,110,200,5,0,21,
0:0:17:190,110,200,3,0,22,
0:0:17:203,110,200,2,0,22,
0:0:17:216,110,200,4,0,23,
0:0:17:228,110,200,4,0,20,
0:0:17:241,110,200,3,0,21,
0:0:17:254,110,200,6,0,21,
0:0:17:266,110,200,4,0,22,
0:0:17:278,110,200,2,0,20,
0:0:17:291,110,200,5,3,22,
0:0:17:304,110,200,3,0,20,
0:0:17:316,110,200,3,0,21,
0:0:17:329,110,200,3,0,23,
0:0:17:342,110,200,3,0,23,
0:0:17:354,110,200,2,0,20,
0:0:17:367,110,200,4,3,20,
0:0:17:379,110,200,3,0,21,
0:0:17:392,110,200,3,0,22,
0:0:17:404,110,200,6,0,20,
0:0:17:417,110,200,8,0,23,
0:0:17:430,110,200,11,0,20,
0:0:17:442,110,200,8,3,21,
0:0:17:455,110,200,7,0,22,
0:0:17:468,110,200,6,0,21,
0:0:17:480,110,200,7,0,20,
0:0:17:492,110,200,4,0,22,
0:0:17:506,110,200,6,0,21,
0:0:17:518,110,200,5,1,21,
0:0:17:530,110,200,4,3,20,
0:0:17:543,110,200,8,0,22,
0:0:17:556,110,200,11,16,23,
0:0:17:568,110,200,7,0,21,
0:0:17:581,110,200,6,3,20,
0:0:17:594,110,200,5,0,22,
0:0:17:606,110,200,6,0,22,
0:0:17:618,110,200,3,0,22,
0:0:17:631,110,200,8,0,20,
0:0:17:644,110,200,6,0,20,
0:0:17:656,110,200,5,0,22,
0:0:17:669,110,200,7,0,21,
0:0:17:682,110,200,6,0,22,
0:0:17:694,110,200,3,0,23,
0:0:17:707,110,200,6,0,22,
0:0:17:720,110,200,6,0,21,
0:0:17:732,110,200,5,0,20,
0:0:17:744,110,200,3,0,22,
0:0:17:757,110,200,6,0,20,
0:0:17:770,110,200,9,0,20,
0:0:17:782,110,200,8,0,22,
0:0:17:795,110,200,5,0,21,
0:0:17:808,110,200,8,0,21,
0:0:17:820,110,200,8,0,20,
0:0:17:832,110,200,8,0,23,
0:0:17:846,110,200,6,1,21,
0:0:17:858,110,200,4,0,20,
0:0:17:870,110,200,6,0,21,
0:0:17:883,110,200,5,0,23,
0:0:17:896,110,200,6,0,20,
0:0:17:908,110,200,11,0,22,
0:0:17:921,110,200,11,0,22,
0:0:17:934,110,200,9,0,21,
0:0:17:946,110,200,6,16,21,
0:0:17:958,110,200,7,1,23,
0:0:17:971,110,200,4,0,20,
0:0:17:983,110,200,2,0,20,
0:0:17:996,110,200,5,0,24,
0:0:18:9,110,200,5,0,20,
0:0:18:21,110,200,4,0,21,
0:0:18:33,110,200,3,0,21,
0:0:18:46,110,200,8,0,20,
0:0:18:59,110,200,7,8,22,
0:0:18:71,110,200,4,0,20,
0:0:18:83,110,200,5,0,20,
0:0:18:97,110,200,9,0,22,
0:0:18:109,110,200,5,0,23,
0:0:18:121,110,200,7,0,20,
0:0:18:135,110,200,9,0,22,
0:0:18:147,110,200,7,0,20,
0:0:18:159,110,200,6,0,20,
0:0:18:171,110,200,10,0,21,
0:0:18:185,110,200,6,0,21,
0:0:18:197,110,200,4,1,20,
0:0:18:209,110,200,10,0,22,
0:0:18:223,110,200,7,0,21,
0:0:18:235,110,200,5,0,20,
0:0:18:247,110,200,6,0,20,
0:0:18:259,110,200,4,0,22,
0:0:18:273,110,200,5,0,21,
0:0:18:285,110,200,4,26,20,
0:0:18:297,110,200,2,0,22,
0:0:18:311,110,200,5,0,22,
0:0:18:323,110,200,9,0,21,
0:0:18:335,110,200,6,0,22,
0:0:18:348,110,200,8,0,20,
0:0:18:360,110,200,6,0,20,
0:0:18:373,110,200,3,0,21,
0:0:18:385,110,200,3,8,22,
0:0:18:398,110,200,3,0,20,
0:0:18:411,110,200,2,0,23,
0:0:18:423,110,200,5,0,22,
0:0:18:436,110,200,5,0,21,
0:0:18:448,110,200,3,16,21,
0:0:18:461,110,200,2,0,23,
0:0:18:473,110,200,5,0,21,
0:0:18:486,110,200,4,0,20,
0:0:18:499,110,200,3,3,22,
0:0:18:511,110,200,6,0,21,
0:0:18:524,110,200,8,0,20,
0:0:18:536,110,200,6,0,20,
0:0:18:549,110,200,8,8,21,
0:0:18:562,110,200,6,0,22,
0:0:18:574,110,200,3,17,20,
0:0:18:587,110,200,3,0,21,
0:0:18:599,110,200,5,3,20,
0:0:18:612,110,200,3,0,20,
0:0:18:625,110,200,8,0,21,
0:0:18:637,110,200,10,0,20,
0:0:18:650,110,200,8,16,20,
0:0:18:663,110,200,7,3,22,
0:0:18:675,110,200,11,0,21,
0:0:18:688,110,200,8,0,21,
0:0:18:701,110,200,5,0,22,
0:0:18:713,110,200,7,3,20,
0:0:18:725,110,200,6,0,21,
0:0:18:738,110,200,3,0,21,
0:0:18:751,110,200,2,0,20,
0:0:18:763,110,200,3,1,23,
0:0:18:776,110,200,5,1,20,
0:0:18:789,110,200,3,0,21,
0:0:18:801,110,200,4,0,20,
0:0:18:813,110,200,3,0,20,
0:0:18:827,110,200,1,0,20,
0:0:18:839,110,200,2,0,20,
0:0:18:851,110,200,1,0,22,
0:0:18:864,110,200,0,0,24,
0:0:18:877,110,200,4,8,21,
0:0:18:889,110,200,4,0,20,
0:0:18:902,110,200,4,0,20,
0:0:18:914,110,200,7,0,20,
0:0:18:926,110,200,5,7,20,
0:0:2:176,180,500,2,0,46,
0:0:2:189,180,500,5,0,43,
0:0:2:202,180,500,5,3,44,
0:0:2:215,180,500,3,0,45,
0:0:2:229,180,500,2,0,44,
0:0:2:241,180,500,1,0,45,
0:0:2:254,180,500,4,0,44,
0:0:2:268,180,500,2,2,45,
0:0:2:281,180,500,1,0,42,
0:0:2:293,180,500,1,0,43,
0:0:2:307,180,500,0,1,44,
0:0:2:320,180,500,0,0,42,
0:0:2:333,180,500,0,0,44,
0:0:2:347,180,500,0,0,42,
0:0:2:360,180,500,0,1,47,
0:0:2:372,180,500,0,0,42,
0:0:2:385,180,500,0,8,43,
0:0:2:399,180,500,0,0,45,
0:0:2:411,180,500,0,1,42,
0:0:2:424,180,500,0,0,44,
0:0:2:438,180,500,0,16,47,
0:0:2:451,180,500,0,0,41,
0:0:2:464,180,500,0,0,45,
0:0:2:478,180,500,0,0,40,
0:0:2:490,180,500,5,1,44,
0:0:2:503,180,500,15,0,45,
0:0:2:516,180,500,34,1,41,
0:0:2:530,180,500,60,21,46,
0:0:2:543,180,500,82,16,45,
0:0:2:556,180,500,104,7,44,
0:0:2:570,180,500,117,15,45,
0:0:2:583,180,500,117,17,43,
0:0:2:596,180,500,122,20,45,
0:0:2:610,180,500,124,5,43,
0:0:2:623,180,500,127,8,47,
0:0:2:636,180,500,129,4,44,
0:0:2:650,180,500,135,11,44,
0:0:2:663,180,500,135,4,42,
0:0:2:676,180,500,140,12,46,
0:0:2:689,180,500,138,4,44,
0:0:2:702,180,500,134,0,43,
0:0:2:715,180,500,135,1,45,
0:0:2:728,180,500,134,0,43,
0:0:2:742,180,500,136,0,44,
0:0:2:755,180,500,141,16,47,
0:0:2:768,180,500,139,0,46,
0:0:2:782,180,500,139,0,44,
0:0:2:795,180,500,141,0,40,
0:0:2:808,180,500,139,0,43,
0:0:2:822,180,500,140,0,46,
0:0:2:835,180,500,140,0,43,
0:0:2:847,180,500,141,0,42,
0:0:2:861,180,500,136,0,42,
0:0:2:874,180,500,134,0,40,
0:0:2:887,180,500,135,0,37,
0:0:2:899,180,500,132,0,33,
0:0:2:912,180,500,133,0,31,
0:0:2:925,180,500,132,19,25,
0:0:2:937,180,500,139,0,23,
0:0:2:950,180,500,135,8,22,
0:0:2:963,180,500,134,0,20,
0:0:2:975,180,500,138,0,20,
0:0:2:988,180,500,134,1,20,
0:0:3:1,180,500,134,0,20,
0:0:3:13,180,500,142,0,20,
0:0:3:25,180,500,135,20,20,
0:0:3:38,180,500,137,0,20,
0:0:3:50,180,500,131,0,20,
0:0:3:63,180,500,131,0,20,
0:0:3:76,180,500,135,0,21,
0:0:3:88,180,500,130,0,20,
0:0:3:100,180,500,136,0,20,
0:0:3:113,180,500,141,0,20,
0:0:3:126,180,500,139,0,22,
0:0:3:138,180,500,141,3,21,
0:0:3:151,180,500,139,0,20,
0:0:3:164,180,500,140,0,20,
0:0:3:176,180,500,137,0,20,
0:0:3:189,180,500,142,0,20,
0:0:3:202,180,500,141,3,20,
0:0:3:215,180,500,140,0,21,
0:0:3:227,180,500,136,0,20,
0:0:3:239,180,500,140,0,20,
0:0:3:253,180,500,139,0,21,
0:0:3:265,180,500,136,0,20,
0:0:3:277,180,500,139,0,20,
0:0:3:291,180,500,137,0,20,
0:0:3:303,180,500,136,0,20,
0:0:3:315,180,500,143,3,22,
0:0:3:329,180,500,145,1,20,
0:0:3:341,180,500,143,1,20,
0:0:3:353,180,500,135,0,21,
0:0:3:365,180,500,133,2,20,
0:0:3:379,180,500,137,16,20,
0:0:3:391,180,500,134,1,21,
0:0:3:404,180,500,131,0,20,
0:0:3:417,180,500,132,0,21,
0:0:3:429,180,500,125,0,20,
0:0:3:442,180,500,114,0,20,
0:0:3:454,180,500,100,21,20,
0:0:3:467,180,500,85,20,20,
0:0:3:480,180,500,63,8,20,
0:0:3:492,180,500,43,8,20,
0:0:3:505,180,500,29,10,22,
0:0:3:518,180,500,15,15,20,
0:0:3:530,180,500,7,0,20,
0:0:3:543,180,500,3,5,21,
0:0:3:555,180,500,0,5,22,
0:0:3:567,180,500,0,20,21,
0:0:3:580,180,500,0,1,20,
0:0:3:592,180,500,0,4,20,
0:0:3:604,180,500,0,16,20,
0:0:3:617,180,500,0,0,20,
0:0:3:630,180,500,1,1,21,
0:0:3:642,180,500,1,4,20,
0:0:3:654,180,500,0,0,20,
0:0:3:666,180,500,0,0,20,
0:0:3:680,180,500,4,0,20,
0:0:3:692,180,500,4,0,20,
0:0:3:704,180,500,3,0,22,
0:0:3:717,180,500,2,0,31,
0:0:3:730,180,500,1,0,37,
0:0:3:742,180,500,0,0,40,
0:0:3:755,180,500,0,0,42,
0:0:3:768,180,500,1,1,41,
0:0:3:781,180,500,1,8,42,
0:0:3:794,180,500,0,0,44,
0:0:3:808,180,500,2,0,46,
0:0:3:820,180,500,1,0,41,
0:0:3:833,180,500,0,0,43,
0:0:3:847,180,500,0,28,45,
0:0:3:860,180,500,0,0,43,
0:0:3:872,180,500,3,0,42,
0:0:3:886,180,500,2,0,42,
0:0:3:899,180,500,1,3,40,
0:0:3:912,180,500,3,0,43,
0:0:3:926,180,500,2,0,43,
0:0:3:938,180,500,0,0,42,
0:0:3:951,180,500,2,0,43,
0:0:3:964,180,500,1,0,41,
0:0:3:978,180,500,2,0,43,
0:0:3:990,180,500,2,0,42,
0:0:4:3,180,500,1,0,43,
0:0:4:17,180,500,0,0,44,
0:0:4:30,180,500,0,0,39,
0:0:4:42,180,500,0,0,42,
0:0:4:56,180,500,0,0,42,
0:0:4:69,180,500,3,0,44,
0:0:4:81,180,500,2,1,41,
0:0:4:94,180,500,1,0,44,
0:0:4:108,180,500,3,0,40,
0:0:4:121,180,500,5,0,42,
0:0:4:133,180,500,5,0,42,
0:0:4:147,180,500,3,3,41,
0:0:4:160,180,500,3,0,45,
0:0:4:173,180,500,1,0,43,
0:0:4:187,180,500,0,0,46,
0:0:4:199,180,500,1,0,44,
0:0:4:212,180,500,1,0,43,
0:0:4:226,180,500,0,0,45,
0:0:4:239,180,500,0,0,39,
0:0:4:251,180,500,0,0,45,
0:0:4:264,180,500,0,3,43,
0:0:4:278,180,500,3,0,41,
0:0:4:291,180,500,23,0,45,
0:0:4:303,180,500,50,0,44,
0:0:4:317,180,500,75,22,43,
0:0:4:330,180,500,98,16,43,
0:0:4:343,180,500,112,17,43,
0:0:4:357,180,500,121,2,46,
0:0:4:372,180,500,128,0,45,
0:0:4:385,180,500,136,14,44,
0:0:4:399,180,500,132,8,45,
0:0:4:412,180,500,132,15,43,
0:0:4:425,180,500,137,0,43,
0:0:4:439,180,500,134,4,41,
0:0:4:452,180,500,131,0,45,
0:0:4:464,180,500,131,24,42,
0:0:4:477,180,500,125,4,44,
0:0:4:491,180,500,126,0,44,
0:0:4:504,180,500,127,0,41,
0:0:4:517,180,500,127,0,45,
0:0:4:531,180,500,129,0,41,
0:0:4:544,180,500,127,0,44,
0:0:4:557,180,500,128,0,48,
0:0:4:571,180,500,128,0,44,
0:0:4:584,180,500,128,1,39,
0:0:4:597,180,500,132,0,39,
0:0:4:610,180,500,125,0,36,
0:0:4:622,180,500,125,0,30,
0:0:4:635,180,500,126,0,28,
0:0:4:647,180,500,128,9,21,
0:0:4:660,180,500,126,3,20,
0:0:4:673,180,500,131,0,20,
0:0:4:685,180,500,126,0,20,
0:0:4:698,180,500,125,0,20,
0:0:4:710,180,500,126,1,21,
0:0:4:723,180,500,123,0,21,
0:0:4:736,180,500,130,0,22,
0:0:4:749,180,500,131,0,20,
0:0:4:761,180,500,137,16,21,
0:0:4:773,180,500,139,8,20,
0:0:4:787,180,500,137,0,20,
0:0:4:799,180,500,140,0,21,
0:0:4:811,180,500,129,3,20,
0:0:4:825,180,500,132,0,20,
0:0:4:837,180,500,133,0,20,
0:0:4:849,180,500,127,0,20,
0:0:4:862,180,500,133,3,20,
0:0:4:875,180,500,136,0,20,
0:0:4:887,180,500,133,0,20,
0:0:4:900,180,500,134,0,20,
0:0:4:913,180,500,134,0,20,
0:0:4:925,180,500,138,0,20,
0:0:4:938,180,500,140,0,21,
0:0:4:951,180,500,140,16,20,
0:0:4:963,180,500,142,3,20,
0:0:4:976,180,500,139,8,21,
0:0:4:988,180,500,136,0,23,
0:0:5:1,180,500,130,0,20,
0:0:5:14,180,500,134,17,20,
0:0:5:26,180,500,131,0,22,
0:0:5:39,180,500,132,3,20,
0:0:5:51,180,500,135,0,20,
0:0:5:64,180,500,131,1,20,
0:0:5:76,180,500,134,0,21,
0:0:5:89,180,500,131,0,20,
0:0:5:102,180,500,131,0,21,
0:0:5:114,180,500,142,1,21,
0:0:5:127,180,500,141,32,20,
0:0:5:140,180,500,130,16,20,
0:0:5:152,180,500,124,32,20,
0:0:5:165,180,500,112,0,20,
0:0:5:177,180,500,89,24,20,
0:0:5:190,180,500,72,17,21,
0:0:5:202,180,500,47,10,20,
0:0:5:215,180,500,26,10,20,
0:0:5:228,180,500,13,11,20,
0:0:5:240,180,500,4,7,20,
0:0:5:253,180,500,0,4,20,
0:0:5:265,180,500,1,0,20,
0:0:5:278,180,500,2,8,20,
0:0:5:291,180,500,5,8,20,
0:0:5:303,180,500,4,12,20,
0:0:5:315,180,500,4,0,20,
0:0:5:327,180,500,3,4,20,
0:0:5:340,180,500,1,0,20,
0:0:5:353,180,500,2,4,20,
0:0:5:365,180,500,1,1,20,
0:0:5:378,180,500,0,0,20,
0:0:5:390,180,500,0,3,20,
0:0:5:402,180,500,0,0,20,
0:0:5:415,180,500,0,0,20,
0:0:5:428,180,500,0,1,20,
0:0:5:440,180,500,0,0,20,
0:0:5:452,180,500,0,0,20,
0:0:5:465,180,500,0,0,20,
0:0:5:477,180,500,0,0,22,
0:0:5:489,180,500,1,11,20,
0:0:5:501,180,500,1,0,20,
0:0:5:514,180,500,0,0,20,
0:0:5:527,180,500,2,0,20,
0:0:5:539,180,500,7,0,20,
0:0:5:552,180,500,5,8,21,
0:0:5:564,180,500,3,19,20,
0:0:5:577,180,500,6,1,20,
0:0:5:590,180,500,4,0,20,
0:0:5:602,180,500,1,0,20,
0:0:5:614,180,500,1,0,20,
0:0:5:626,180,500,2,0,20,
0:0:5:639,180,500,1,1,23,
0:0:5:651,180,500,2,0,27,
0:0:5:664,180,500,3,0,31,
0:0:5:677,180,500,2,0,33,
0:0:5:689,180,500,1,0,34,
0:0:5:701,180,500,1,0,35,
0:0:5:714,180,500,0,0,36,
0:0:5:727,180,500,0,0,37,
0:0:5:739,180,500,1,0,37,
0:0:5:752,180,500,1,0,39,
0:0:5:765,180,500,0,0,42,
0:0:5:778,180,500,0,0,40,
0:0:5:791,180,500,0,3,40,
0:0:5:805,180,500,0,0,41,
0:0:5:818,180,500,0,3,38,
0:0:5:830,180,500,0,0,40,
0:0:5:843,180,500,0,3,44,
0:0:5:857,180,500,0,0,42,
0:0:5:869,180,500,0,32,41,
0:0:5:882,180,500,0,3,43,
0:0:5:896,180,500,0,3,43,
0:0:5:909,180,500,0,0,43,
0:0:5:921,180,500,0,0,42,
0:0:5:935,180,500,0,8,41,
0:0:5:948,180,500,0,0,43,
0:0:5:960,180,500,0,0,45,
0:0:5:974,180,500,0,3,40,
0:0:5:987,180,500,0,0,43,
0:0:5:999,180,500,0,0,42,
0:0:6:12,180,500,0,0,43,
0:0:6:26,180,500,0,17,42,
0:0:6:38,180,500,3,0,42,
0:0:6:51,180,500,2,0,44,
0:0:6:65,180,500,1,0,41,
0:0:6:78,180,500,1,0,42,
0:0:6:90,180,500,0,0,42,
0:0:6:104,180,500,0,0,43,
0:0:6:117,180,500,1,0,43,
0:0:6:129,180,500,1,0,42,
0:0:6:142,180,500,0,0,47,
0:0:6:156,180,500,0,0,44,
0:0:6:169,180,500,0,0,43,
0:0:6:182,180,500,0,8,44,
0:0:6:195,180,500,0,2,44,
0:0:6:208,180,500,5,0,42,
0:0:6:221,180,500,17,0,42,
0:0:6:235,180,500,33,28,44,
0:0:6:248,180,500,50,44,41,
0:0:6:260,180,500,64,9,43,
0:0:6:274,180,500,75,8,41,
0:0:6:287,180,500,83,6,43,
0:0:6:300,180,500,89,10,42,
0:0:6:313,180,500,93,0,41,
0:0:6:327,180,500,99,7,39,
0:0:6:340,180,500,109,4,45,
0:0:6:352,180,500,112,20,42,
0:0:6:366,180,500,114,7,43,
0:0:6:379,180,500,118,2,44,
0:0:6:392,180,500,113,182,45,
0:0:6:406,180,500,113,244,42,
0:0:6:419,180,500,121,303,42,
0:0:6:432,180,500,123,325,42,
0:0:6:446,180,500,122,338,46,
0:0:6:459,180,500,128,352,44,
0:0:6:472,180,500,129,351,40,
0:0:6:486,180,500,129,348,42,
0:0:6:499,180,500,129,348,41,
0:0:6:512,180,500,127,350,47,
0:0:6:525,180,500,128,352,45,
0:0:6:539,180,500,133,353,44,
0:0:6:552,180,500,127,348,42,
0:0:6:565,180,500,128,359,42,
0:0:6:579,180,500,129,348,43,
0:0:6:592,180,500,128,349,45,
0:0:6:605,180,500,128,349,42,
0:0:6:619,180,500,128,347,44,
0:0:6:632,180,500,131,346,43,
0:0:6:645,180,500,128,344,43,
0:0:6:659,180,500,127,355,44,
0:0:6:672,180,500,127,345,44,
0:0:6:685,180,500,128,345,45,
0:0:6:699,180,500,129,346,45,
0:0:6:712,180,500,129,352,44,
0:0:6:725,180,500,138,349,46,
0:0:6:738,180,500,138,346,45,
0:0:6:752,180,500,136,356,43,
0:0:6:765,180,500,138,355,42,
0:0:6:778,180,500,138,355,41,
0:0:6:792,180,500,133,352,45,
0:0:6:805,180,500,131,355,43,
0:0:6:818,180,500,133,352,41,
0:0:6:832,180,500,128,354,39,
0:0:6:845,180,500,129,346,41,
0:0:6:858,180,500,127,350,40,
0:0:6:871,180,500,127,348,34,
0:0:6:884,180,500,127,344,32,
0:0:6:896,180,500,125,340,31,
0:0:6:908,180,500,119,340,26,
0:0:6:922,180,500,127,335,24,
0:0:6:934,180,500,127,335,20,
0:0:6:947,180,500,128,335,20,
0:0:6:960,180,500,133,337,20,
0:0:6:972,180,500,137,344,20,
0:0:6:985,180,500,133,347,20,
0:0:6:998,180,500,132,352,20,
0:0:7:10,180,500,130,342,20,
0:0:7:23,180,500,136,342,21,
0:0:7:35,180,500,136,340,21,
0:0:7:49,180,500,129,335,20,
0:0:7:61,180,500,129,352,22,
0:0:7:73,180,500,126,342,21,
0:0:7:87,180,500,133,355,21,
0:0:7:99,180,500,137,342,20,
0:0:7:112,180,500,138,355,22,
0:0:7:124,180,500,136,343,20,
0:0:7:137,180,500,134,353,20,
0:0:7:150,180,500,131,344,21,
0:0:7:162,180,500,134,343,20,
0:0:7:176,180,500,132,342,20,
0:0:7:188,180,500,134,345,21,
0:0:7:201,180,500,134,343,20,
0:0:7:214,180,500,133,345,22,
0:0:7:227,180,500,134,355,22,
0:0:7:239,180,500,136,343,21,
0:0:7:251,180,500,138,340,20,
0:0:7:265,180,500,141,343,21,
0:0:7:277,180,500,140,355,21,
0:0:7:290,180,500,144,343,20,
0:0:7:303,180,500,144,351,21,
0:0:7:316,180,500,140,352,20,
0:0:7:328,180,500,135,345,20,
0:0:7:341,180,500,130,345,20,
0:0:7:354,180,500,133,346,20,
0:0:7:366,180,500,132,343,20,
0:0:7:379,180,500,128,293,20,
0:0:7:392,180,500,122,267,20,
0:0:7:405,180,500,121,155,20,
0:0:7:417,180,500,117,158,20,
0:0:7:430,180,500,103,17,20,
0:0:7:443,180,500,91,1,21,
0:0:7:455,180,500,80,16,20,
0:0:7:468,180,500,61,12,20,
0:0:7:480,180,500,44,13,23,
0:0:7:493,180,500,27,7,20,
0:0:7:505,180,500,14,5,20,
0:0:7:518,180,500,6,5,20,
0:0:7:530,180,500,1,7,20,
0:0:7:543,180,500,0,4,20,
0:0:7:556,180,500,0,11,20,
0:0:7:568,180,500,0,0,21,
0:0:7:580,180,500,1,23,21,
0:0:7:592,180,500,2,4,20,
0:0:7:606,180,500,2,0,20,
0:0:7:618,180,500,5,0,20,
0:0:7:630,180,500,5,0,20,
0:0:7:645,180,500,5,0,21,
0:0:7:657,180,500,3,0,20,
0:0:7:670,180,500,6,0,20,
0:0:7:683,180,500,4,0,20,
0:0:7:695,180,500,2,0,20,
0:0:7:707,180,500,3,0,20,
0:0:7:719,180,500,2,0,21,
0:0:7:733,180,500,0,0,20,
0:0:7:745,180,500,2,0,20,
0:0:7:757,180,500,1,0,20,
0:0:7:770,180,500,4,0,20,
0:0:7:783,180,500,7,3,20,
0:0:7:795,180,500,6,0,20,
0:0:7:808,180,500,4,63,20,
0:0:7:820,180,500,5,0,21,
0:0:7:833,180,500,4,0,20,
0:0:7:845,180,500,2,0,20,
0:0:7:858,180,500,3,0,21,
0:0:7:870,180,500,2,0,20,
0:0:7:882,180,500,1,0,20,
0:0:7:896,180,500,0,0,20,
0:0:7:908,180,500,0,0,21,
0:0:7:920,180,500,0,8,21,
0:0:7:932,180,500,0,3,20,
0:0:7:945,180,500,0,0,20,
0:0:7:958,180,500,0,0,20,
0:0:7:970,180,500,0,0,20,
0:0:7:983,180,500,0,3,20,
0:0:7:995,180,500,1,0,20,
0:0:8:7,180,500,1,0,20,
0:0:8:19,180,500,0,0,20,
0:0:8:32,180,500,6,0,22,
0:0:8:45,180,500,4,0,20,
0:0:8:57,180,500,2,3,20,
0:0:8:70,180,500,2,0,20,
0:0:8:82,180,500,1,6,20,
0:0:8:94,180,500,0,0,20,
0:0:8:107,180,500,0,0,21,
0:0:8:120,180,500,1,0,21,
0:0:8:132,180,500,2,12,20,
0:0:8:144,180,500,2,5,20,
0:0:8:157,180,500,1,12,21,
0:0:8:170,180,500,1,9,20,
0:0:8:182,180,500,0,10,22,
0:0:8:195,180,500,1,11,22,
0:0:8:207,180,500,1,10,20,
0:0:8:220,180,500,0,15,21,
0:0:8:232,180,500,0,7,20,
0:0:8:245,180,500,0,10,20,
0:0:8:257,180,500,0,12,20,
0:0:8:270,180,500,1,10,20,
0:0:8:283,180,500,1,11,20,
0:0:8:295,180,500,0,15,20,
0:0:8:307,180,500,0,14,20,
0:0:8:321,180,500,0,18,20,
0:0:8:332,180,500,0,14,20,
0:0:8:344,180,500,0,18,20,
0:0:8:357,180,500,0,17,22,
0:0:8:370,180,500,1,18,24,
0:0:8:382,180,500,1,16,27,
0:0:8:394,180,500,0,15,30,
0:0:8:408,180,500,2,16,33,
0:0:8:420,180,500,1,17,34,
0:0:8:432,180,500,0,19,33,
0:0:8:444,180,500,0,21,35,
0:0:8:458,180,500,2,18,36,
0:0:8:470,180,500,2,17,38,
0:0:8:483,180,500,2,14,39,
0:0:8:497,180,500,1,14,43,
0:0:8:510,180,500,1,10,40,
0:0:8:522,180,500,0,10,43,
0:0:8:536,180,500,0,8,39,
0:0:8:549,180,500,0,11,41,
0:0:8:562,180,500,0,9,41,
0:0:8:574,180,500,0,10,45,
0:0:8:588,180,500,3,8,43,
0:0:8:601,180,500,2,11,42,
0:0:8:614,180,500,1,13,44,
0:0:8:628,180,500,1,12,42,
0:0:8:640,180,500,0,16,43,
0:0:8:653,180,500,0,16,45,
0:0:8:667,180,500,1,17,44,
0:0:8:680,180,500,2,18,44,
0:0:8:693,180,500,2,15,43,
0:0:8:706,180,500,1,15,42,
0:0:8:719,180,500,2,14,44,
0:0:8:732,180,500,1,16,44,
0:0:8:745,180,500,4,13,43,
0:0:8:759,180,500,7,15,45,
0:0:8:772,180,500,5,35,42,
0:0:8:784,180,500,5,16,43,
0:0:8:798,180,500,4,7,45,
0:0:8:811,180,500,1,15,42,
0:0:8:824,180,500,0,19,43,
0:0:8:838,180,500,0,15,44,
0:0:8:851,180,500,0,32,43,
0:0:8:863,180,500,0,16,44,
0:0:8:877,180,500,0,15,45,
0:0:8:890,180,500,0,25,44,
0:0:8:903,180,500,0,23,44,
0:0:8:915,180,500,0,23,43,
0:0:8:929,180,500,3,22,42,
0:0:8:942,180,500,10,21,44,
0:0:8:955,180,500,20,43,42,
0:0:8:969,180,500,34,38,45,
0:0:8:982,180,500,50,32,43,
0:0:8:995,180,500,63,34,42,
0:0:9:8,180,500,70,0,43,
0:0:9:21,180,500,78,37,44,
0:0:9:34,180,500,84,32,42,
0:0:9:48,180,500,90,26,44,
0:0:9:61,180,500,98,39,45,
0:0:9:74,180,500,110,24,41,
0:0:9:88,180,500,114,23,44,
0:0:9:100,180,500,121,23,44,
0:0:9:113,180,500,119,25,43,
0:0:9:126,180,500,119,128,46,
0:0:9:140,180,500,120,283,43,
0:0:9:153,119,500,127,449,43,
0:0:9:166,119,500,129,489,46,
0:0:9:180,119,500,129,527,44,
0:0:9:193,119,500,133,539,41,
0:0:9:206,119,500,132,543,45,
0:0:9:220,119,500,130,545,42,
0:0:9:233,119,500,135,547,43,
0:0:9:246,119,500,136,548,43,
0:0:9:260,119,500,137,546,42,
0:0:9:273,119,500,136,544,43,
0:0:9:286,119,500,133,543,44,
0:0:9:299,119,500,134,542,42,
0:0:9:313,119,500,135,534,42,
0:0:9:326,119,500,133,533,41,
0:0:9:339,119,500,137,533,40,
0:0:9:352,119,500,134,530,40,
0:0:9:365,119,500,133,527,40,
0:0:9:377,119,500,137,531,40,
0:0:9:391,119,500,133,531,37,
0:0:9:403,119,500,132,532,34,
0:0:9:415,119,500,135,532,30,
0:0:9:428,119,500,133,530,31,
0:0:9:441,119,500,134,529,27,
0:0:9:453,119,500,138,529,25,
0:0:9:466,119,500,138,530,22,
0:0:9:479,119,500,138,530,20,
0:0:9:492,119,500,137,529,20,
0:0:9:504,119,500,133,530,20,
0:0:9:517,119,500,134,529,20,
0:0:9:530,119,500,131,528,20,
0:0:9:542,119,500,134,528,20,
0:0:9:555,119,500,134,528,21,
0:0:9:568,119,500,132,528,20,
0:0:9:580,119,500,132,526,20,
0:0:9:593,119,500,134,516,21,
0:0:9:606,119,500,131,466,22,
0:0:9:619,119,500,133,464,21,
0:0:9:631,119,500,137,459,20,
0:0:9:644,119,500,132,459,20,
0:0:9:656,119,500,133,458,20,
0:0:9:669,119,500,136,458,21,
0:0:9:681,119,500,133,462,20,
0:0:9:695,119,500,139,457,20,
0:0:9:707,119,500,138,456,20,
0:0:9:719,119,500,135,455,20,
0:0:9:733,119,500,130,452,21,
0:0:9:745,119,500,125,453,20,
0:0:9:757,119,500,122,454,20,
0:0:9:771,119,500,120,452,20,
0:0:9:783,119,500,119,453,21,
0:0:9:796,119,500,119,454,21,
0:0:9:808,119,500,119,452,20,
0:0:9:821,119,500,119,454,20,
0:0:9:834,119,500,119,455,21,
0:0:9:846,119,500,119,455,21,
0:0:9:860,119,500,119,453,21,
0:0:9:872,119,500,119,451,21,
0:0:9:885,119,500,119,449,21,
0:0:9:897,119,500,117,446,21,
0:0:9:910,119,500,116,446,20,
0:0:9:922,119,500,116,446,20,
0:0:9:935,116,500,115,445,22,
0:0:9:948,116,500,109,444,20,
0:0:9:961,116,500,99,441,21,
0:0:9:973,116,500,84,444,20,
0:0:9:986,116,500,74,356,21,
0:0:9:998,116,500,60,216,20,
0:0:10:11,116,500,46,114,20,
0:0:10:23,116,500,32,8,20,
0:0:10:37,116,500,19,11,20,
0:0:10:49,116,500,9,0,20,
0:0:10:61,116,500,4,2,20,
0:0:10:74,116,500,0,4,20,
0:0:10:87,116,500,0,0,20,
0:0:10:99,116,500,0,3,20,
0:0:10:112,116,500,1,20,21,
0:0:10:124,116,500,1,1,21,
0:0:10:136,116,500,0,5,20,
0:0:10:149,116,500,2,16,21,
0:0:10:162,116,500,5,10,20,
0:0:10:174,116,500,5,6,22,
0:0:10:187,116,500,3,4,21,
0:0:10:200,116,500,3,5,20,
0:0:10:212,116,500,1,8,22,
0:0:10:225,116,500,2,9,20,
0:0:10:237,116,500,1,7,23,
0:0:10:250,116,500,0,7,21,
0:0:10:262,116,500,0,4,20,
0:0:10:275,116,500,0,5,20,
0:0:10:288,116,500,1,32,22,
0:0:10:300,116,500,1,11,21,
0:0:10:312,116,500,0,13,21,
0:0:10:326,116,500,0,13,20,
0:0:10:338,116,500,2,10,20,
0:0:10:350,116,500,2,60,21,
0:0:10:363,116,500,2,7,21,
0:0:10:375,116,500,1,4,20,
0:0:10:388,116,500,2,4,21,
0:0:10:400,116,500,3,4,20,
0:0:10:413,116,500,3,4,20,
0:0:10:426,116,500,4,1,20,
0:0:10:438,116,500,5,1,20,
0:0:10:450,116,500,5,2,20,
0:0:10:464,116,500,3,0,21,
0:0:10:476,116,500,2,1,22,
0:0:10:488,116,500,4,2,30,
0:0:10:502,116,500,3,0,34,
0:0:10:514,116,500,3,1,35,
0:0:10:526,116,500,3,0,36,
0:0:10:539,116,500,3,3,39,
0:0:10:552,116,500,2,3,39,
0:0:10:565,116,500,2,1,41,
0:0:10:578,116,500,1,1,42,
0:0:10:592,116,500,0,1,41,
0:0:10:605,116,500,0,3,41,
0:0:10:617,116,500,0,2,44,
0:0:10:631,116,500,0,2,43,
0:0:10:644,116,500,0,3,46,
0:0:10:657,116,500,0,7,44,
0:0:10:670,116,500,0,0,43,
0:0:10:683,116,500,1,1,42,
0:0:10:696,116,500,2,0,42,
0:0:10:710,116,500,2,1,42,
0:0:10:723,116,500,3,2,46,
0:0:10:736,116,500,2,2,43,
0:0:10:748,116,500,4,2,42,
0:0:10:762,116,500,5,3,42,
0:0:10:775,116,500,3,0,44,
0:0:10:788,116,500,6,1,44,
0:0:10:802,116,500,4,3,45,
0:0:10:815,116,500,7,2,45,
0:0:10:828,116,500,7,2,43,
0:0:10:842,116,500,5,3,45,
0:0:10:854,116,500,3,8,41,
0:0:10:867,116,500,5,7,43,
0:0:10:881,116,500,4,4,43,
0:0:10:894,116,500,4,6,41,
0:0:10:908,116,500,3,5,44,
0:0:10:921,116,500,2,6,44,
0:0:10:935,116,500,2,5,43,
0:0:10:948,116,500,3,4,42,
0:0:10:961,116,500,2,6,41,
0:0:10:975,116,500,3,8,42,
0:0:10:988,116,500,2,5,44,
0:0:11:0,116,500,1,6,43,
0:0:11:14,116,500,0,9,44,
0:0:11:27,116,500,0,4,43,
0:0:11:40,116,500,0,3,45,
0:0:11:53,116,500,1,4,44,
0:0:11:66,116,500,4,7,44,
0:0:11:79,116,500,22,4,42,
0:0:11:92,116,500,43,29,46,
0:0:11:106,116,500,60,24,43,
0:0:11:119,116,500,75,36,41,
0:0:11:132,116,500,91,42,43,
0:0:11:146,116,500,99,47,42,
0:0:11:159,116,500,106,42,44,
0:0:11:172,116,500,111,47,44,
0:0:11:186,116,500,114,28,48,
0:0:11:199,116,500,115,43,44,
0:0:11:212,116,500,116,36,43,
0:0:11:226,116,500,116,48,45,
0:0:11:238,116,500,116,40,43,
0:0:11:251,116,500,116,110,43,
0:0:11:265,116,500,116,192,43,
0:0:11:278,116,500,116,321,45,
0:0:11:291,116,500,116,397,47,
0:0:11:304,116,500,116,399,45,
0:0:11:318,116,500,116,403,42,
0:0:11:331,116,500,116,400,43,
0:0:11:344,116,500,116,400,46,
0:0:11:358,116,500,116,397,43,
0:0:11:371,116,500,116,377,46,
0:0:11:384,116,500,116,378,45,
0:0:11:398,116,500,116,379,44,
0:0:11:411,116,500,116,384,43,
0:0:11:424,116,500,116,378,44,
0:0:11:438,116,500,116,379,46,
0:0:11:451,116,500,116,378,45,
0:0:11:464,116,500,116,376,44,
0:0:11:478,116,500,116,375,42,
0:0:11:491,116,500,116,376,41,
0:0:11:504,116,500,116,376,42,
0:0:11:516,116,500,116,377,36,
0:0:11:529,116,500,116,377,31,
0:0:11:542,116,500,116,379,26,
0:0:11:554,116,500,116,381,20,
0:0:11:568,116,500,116,380,20,
0:0:11:580,116,500,116,383,20,
0:0:11:592,116,500,116,381,20,
0:0:11:604,116,500,116,379,21,
0:0:11:618,116,500,116,371,20,
0:0:11:630,116,500,116,368,21,
0:0:11:642,116,500,116,369,20,
0:0:11:655,116,500,116,360,20,
0:0:11:668,116,500,116,358,21,
0:0:11:680,116,500,116,361,20,
0:0:11:693,116,500,116,351,20,
0:0:11:706,116,500,116,359,21,
0:0:11:718,116,500,116,355,22,
0:0:11:731,116,500,116,355,20,
0:0:11:744,116,500,116,351,20,
0:0:11:756,116,500,116,348,20,
0:0:11:769,116,500,116,351,20,
0:0:11:782,116,500,116,351,22,
0:0:11:795,116,500,116,349,23,
0:0:11:807,116,500,116,358,20,
0:0:11:820,116,500,116,351,21,
0:0:11:833,116,500,116,351,21,
0:0:11:845,116,500,116,351,20,
0:0:11:858,116,500,116,352,21,
0:0:11:871,116,500,116,351,22,
0:0:11:883,116,500,116,355,20,
0:0:11:895,116,500,116,355,20,
0:0:11:909,116,500,116,355,22,
0:0:11:921,116,500,116,358,21,
0:0:11:933,116,500,116,357,20,
0:0:11:947,116,500,116,355,20,
0:0:11:959,116,500,116,363,21,
0:0:11:972,116,500,116,359,21,
0:0:11:984,116,500,116,356,20,
0:0:11:997,116,500,116,358,22,
0:0:12:10,116,500,116,357,20,
0:0:12:22,116,500,116,359,20,
0:0:12:36,116,500,116,356,21,
0:0:12:48,116,500,116,360,20,
0:0:12:60,116,500,116,359,20,
0:0:12:73,116,500,108,359,20,
0:0:12:86,116,500,92,360,20,
0:0:12:99,116,500,71,355,20,
0:0:12:111,116,500,44,286,20,
0:0:12:124,116,500,23,133,20,
0:0:12:137,116,500,10,93,20,
0:0:12:149,116,500,2,18,20,
0:0:12:163,116,500,1,4,20,
0:0:12:175,116,500,1,11,20,
0:0:12:187,116,500,2,7,20,
0:0:12:199,116,500,2,9,20,
0:0:12:213,116,500,1,7,20,
0:0:12:225,116,500,2,2,20,
0:0:12:237,116,500,1,7,20,
0:0:12:250,116,500,0,0,20,
0:0:12:262,116,500,2,0,20,
0:0:12:275,116,500,5,0,20,
0:0:12:288,116,500,3,1,20,
0:0:12:300,116,500,2,0,20,
0:0:12:312,116,500,2,0,25,
0:0:12:325,116,500,0,0,31,
0:0:12:338,116,500,3,17,33,
0:0:12:350,116,500,8,34,40,
0:0:12:363,116,500,6,5,40,
0:0:12:377,116,500,6,19,41,
0:0:12:390,116,500,6,4,42,
0:0:12:403,116,500,6,19,41,
0:0:12:417,116,500,3,7,46,
0:0:12:429,116,500,3,0,45,
0:0:12:442,116,500,6,9,43,
0:0:12:455,116,500,4,13,44,
0:0:12:469,116,500,2,11,45,
0:0:12:482,116,500,5,12,43,
0:0:12:495,116,500,5,11,42,
0:0:12:509,116,500,3,8,42,
0:0:12:522,116,500,2,3,45,
0:0:12:534,116,500,3,7,43,
0:0:12:548,116,500,3,4,44,
0:0:12:561,116,500,2,5,44,
0:0:12:574,116,500,5,4,42,
0:0:12:588,116,500,4,10,43,
0:0:12:601,116,500,2,6,44,
0:0:12:613,116,500,3,7,45,
0:0:12:626,116,500,2,9,43,
0:0:12:640,116,500,0,5,43,
0:0:12:653,116,500,0,3,41,
0:0:12:666,116,500,0,7,47,
0:0:12:680,116,500,0,8,46,
0:0:12:692,116,500,0,1,44,
0:0:12:705,116,500,0,2,46,
0:0:12:719,116,500,0,3,44,
0:0:12:732,116,500,0,2,46,
0:0:12:744,116,500,0,7,46,
0:0:12:758,116,500,0,7,44,
0:0:12:771,116,500,0,0,43,
0:0:12:784,116,500,0,2,43,
0:0:12:797,116,500,0,2,41,
0:0:12:810,116,500,0,63,42,
0:0:12:823,116,500,0,2,41,
0:0:12:836,116,500,0,0,43,
0:0:12:850,116,500,0,2,43,
0:0:12:862,116,500,0,2,40,
0:0:12:875,116,500,0,1,43,
0:0:12:889,116,500,0,3,44,
0:0:12:902,116,500,9,2,43,
0:0:12:915,116,500,45,19,40,
0:0:12:929,116,500,45,0,41,
0:0:12:941,116,500,92,15,38,
0:0:12:954,116,500,104,14,36,
0:0:12:966,116,500,112,14,29,
0:0:12:980,116,500,115,24,28,
0:0:12:992,116,500,115,29,26,
0:0:13:4,116,500,116,26,21,
0:0:13:18,116,500,116,34,20,
0:0:13:30,116,500,116,28,20,
0:0:13:42,116,500,116,39,20,
0:0:13:56,116,500,116,47,20,
0:0:13:68,116,500,116,41,20,
0:0:13:80,116,500,116,103,20,
0:0:13:93,116,500,116,176,20,
0:0:13:106,116,500,116,278,20,
0:0:13:118,116,500,116,372,25,
0:0:13:131,116,500,116,400,27,
0:0:13:144,116,500,116,398,33,
0:0:13:157,116,500,116,383,38,
0:0:13:169,116,500,116,383,40,
0:0:13:182,116,500,116,361,40,
0:0:13:196,116,500,116,361,42,
0:0:13:209,116,500,116,361,43,
0:0:13:222,116,500,116,359,44,
0:0:13:236,116,500,116,359,43,
0:0:13:249,116,500,116,358,43,
0:0:13:262,116,500,116,359,44,
0:0:13:276,116,500,116,359,42,
0:0:13:289,116,500,116,365,44,
0:0:13:302,116,500,116,363,43,
0:0:13:316,116,500,116,356,47,
0:0:13:329,116,500,116,359,43,
0:0:13:341,116,500,116,358,44,
0:0:13:355,116,500,116,360,41,
0:0:13:368,116,500,116,358,45,
0:0:13:381,116,500,116,359,42,
0:0:13:394,116,500,116,360,44,
0:0:13:408,116,500,116,359,42,
0:0:13:421,116,500,116,363,43,
0:0:13:434,116,500,116,356,47,
0:0:13:448,116,500,115,352,43,
0:0:13:461,116,500,115,356,42,
0:0:13:474,116,500,115,359,42,
0:0:13:488,116,500,115,367,44,
0:0:13:501,116,500,115,365,43,
0:0:13:514,116,500,115,365,42,
0:0:13:528,116,500,104,362,40,
0:0:13:541,116,500,86,364,39,
0:0:13:553,116,500,70,375,35,
0:0:13:566,116,500,55,276,31,
0:0:13:579,116,500,34,129,30,
0:0:13:592,116,500,18,59,25,
0:0:13:604,116,500,10,20,21,
0:0:13:618,116,500,3,6,20,
0:0:13:630,116,500,0,0,20,
0:0:13:642,116,500,0,5,20,
0:0:13:655,116,500,0,4,20,
0:0:13:667,116,500,0,0,20,
0:0:13:680,116,500,0,0,20,
0:0:13:692,116,500,9,4,20,
0:0:13:705,116,500,20,5,20,
0:0:13:717,116,500,39,48,24,
0:0:13:730,116,500,64,0,25,
0:0:13:743,116,500,85,24,31,
0:0:13:756,116,500,100,16,37,
0:0:13:768,116,500,110,9,38,
0:0:13:782,116,500,114,13,39,
0:0:13:795,116,500,114,15,41,
0:0:13:808,116,500,115,15,40,
0:0:13:821,116,500,116,23,39,
0:0:13:835,116,500,116,13,42,
0:0:13:848,116,500,116,19,41,
0:0:13:861,116,500,116,16,42,
0:0:13:875,116,500,116,92,41,
0:0:13:887,116,500,116,123,38,
0:0:13:900,116,500,116,262,38,
0:0:13:913,116,500,116,352,36,
0:0:13:926,116,500,116,387,32,
0:0:13:938,116,500,116,377,27,
0:0:13:950,116,500,116,359,24,
0:0:13:964,116,500,116,358,20,
0:0:13:976,116,500,116,359,20,
0:0:13:989,116,500,116,358,20,
0:0:14:2,116,500,116,361,20,
0:0:14:14,116,500,116,358,20,
0:0:14:27,116,500,116,360,21,
0:0:14:40,116,500,116,359,20,
0:0:14:52,116,500,116,361,20,
0:0:14:65,116,500,116,358,20,
0:0:14:77,116,500,116,358,21,
0:0:14:91,116,500,115,361,21,
0:0:14:103,116,500,113,359,23,
0:0:14:116,116,500,104,357,20,
0:0:14:129,116,500,89,357,21,
0:0:14:141,116,500,76,287,21,
0:0:14:153,116,500,57,187,20,
0:0:14:167,116,500,35,128,22,
0:0:14:179,116,500,20,13,20,
0:0:14:192,116,500,10,3,21,
0:0:14:206,116,500,3,7,23,
0:0:14:219,116,500,0,0,21,
0:0:14:231,116,500,0,0,22,
0:0:14:243,116,500,0,4,20,
0:0:14:257,116,500,0,8,20,
0:0:14:269,116,500,0,2,21,
0:0:14:281,116,500,7,0,20,
0:0:14:294,116,500,15,0,21,
0:0:14:307,116,500,31,7,20,
0:0:14:319,116,500,56,7,20,
0:0:14:331,116,500,75,35,20,
0:0:14:345,116,500,91,28,20,
0:0:14:357,116,500,104,24,21,
0:0:14:369,116,500,110,4,24,
0:0:14:383,116,500,111,14,30,
0:0:14:395,116,500,113,4,34,
0:0:14:408,116,500,114,4,37,
0:0:14:422,116,500,114,14,38,
0:0:14:435,116,500,115,9,39,
0:0:14:448,116,500,115,15,41,
0:0:14:461,116,500,111,11,42,
0:0:14:475,116,500,108,89,46,
0:0:14:488,116,500,102,120,43,
0:0:14:501,116,500,90,195,44,
0:0:14:515,116,500,71,210,42,
0:0:14:528,116,500,53,127,44,
0:0:14:541,116,500,31,126,43,
0:0:14:555,116,500,16,28,43,
0:0:14:568,116,500,7,15,44,
0:0:14:581,116,500,1,4,45,
0:0:14:594,116,500,0,19,41,
0:0:14:607,116,500,1,20,37,
0:0:14:620,116,500,0,5,35,
0:0:14:632,116,500,0,13,31,
0:0:14:645,116,500,2,6,25,
0:0:14:657,116,500,2,5,20,
0:0:14:670,116,500,7,9,20,
0:0:14:683,116,500,5,0,20,
0:0:14:695,116,500,5,1,20,
0:0:14:707,116,500,6,0,20,
0:0:14:721,116,500,3,0,20,
0:0:14:733,116,500,5,0,20,
0:0:14:745,116,500,4,2,20,
0:0:14:758,116,500,3,1,20,
0:0:14:771,116,500,8,23,20,
0:0:14:783,116,500,7,0,20,
0:0:14:795,116,500,8,0,20,
0:0:14:808,116,500,6,2,20,
0:0:14:821,116,500,4,0,20,
0:0:14:833,116,500,3,2,20,
0:0:14:845,116,500,2,2,20,
0:0:14:859,116,500,2,0,20,
0:0:14:871,116,500,2,35,20,
0:0:14:883,116,500,1,0,20,
0:0:14:896,116,500,0,2,20,
0:0:14:909,116,500,0,0,20,
0:0:14:921,116,500,1,2,20,
0:0:14:934,116,500,8,2,20,
0:0:14:946,116,500,25,11,20,
0:0:14:958,116,500,45,24,20,
0:0:14:971,116,500,66,12,20,
0:0:14:984,116,500,83,19,20,
0:0:14:996,116,500,96,17,20,
0:0:15:8,116,500,106,9,20,
0:0:15:22,116,500,111,9,20,
0:0:15:34,116,500,113,12,20,
0:0:15:46,116,500,115,0,20,
0:0:15:59,116,500,116,12,20,
0:0:15:72,116,500,116,0,20,
0:0:15:84,116,500,116,0,20,
0:0:15:96,116,500,116,8,20,
0:0:15:109,116,500,116,10,20,
0:0:15:122,116,500,116,110,20,
0:0:15:134,116,500,116,199,20,
0:0:15:147,116,500,116,286,20,
0:0:15:160,116,500,110,373,21,
0:0:15:172,116,500,101,386,20,
0:0:15:185,116,500,87,372,20,
0:0:15:198,116,500,65,301,20,
0:0:15:211,116,500,40,136,20,
0:0:15:223,116,500,22,118,20,
0:0:15:237,116,500,9,9,20,
0:0:15:249,116,500,2,7,20,
0:0:15:261,116,500,0,1,20,
0:0:15:273,116,500,0,2,20,
0:0:15:286,116,500,0,15,21,
0:0:15:298,116,500,0,2,20,
0:0:15:311,116,500,0,3,20,
0:0:15:324,116,500,0,12,20,
0:0:15:336,116,500,0,5,20,
0:0:15:348,116,500,0,1,23,
0:0:15:361,116,500,0,4,20,
0:0:15:374,116,500,0,0,20,
0:0:15:386,116,500,0,6,20,
0:0:15:398,116,500,0,11,20,
0:0:15:411,116,500,0,7,21,
0:0:15:423,116,500,0,3,20,
0:0:15:436,116,500,0,4,20,
0:0:15:449,116,500,0,1,20,
0:0:15:461,116,500,0,3,22,
0:0:15:473,116,500,0,12,20,
0:0:15:485,116,500,0,8,21,
0:0:15:499,116,500,0,20,22,
0:0:15:511,116,500,0,31,20,
0:0:15:523,116,500,0,38,20,
0:0:15:536,116,500,0,33,21,
0:0:15:549,116,500,0,40,21,
0:0:15:561,116,500,0,35,22,
0:0:15:574,116,500,0,40,20,
0:0:15:586,116,500,0,39,20,
0:0:15:599,116,500,0,39,22,
0:0:15:611,116,500,0,39,21,
0:0:15:624,116,500,0,41,20,
0:0:15:636,116,500,0,42,20,
0:0:15:649,116,500,0,48,22,
0:0:15:662,116,500,0,49,20,
0:0:15:674,116,500,0,43,20,
0:0:15:686,116,500,0,42,20,
0:0:15:698,116,500,0,36,20,
0:0:15:711,116,500,1,39,20,
0:0:15:724,116,500,1,39,20,
0:0:15:736,116,500,0,38,20,
0:0:15:749,116,500,0,36,20,
0:0:15:762,116,500,0,46,20,
0:0:15:774,116,500,0,45,20,
0:0:15:787,116,500,0,43,20,
0:0:15:799,116,500,0,48,21,
0:0:15:812,116,500,0,49,21,
0:0:15:824,116,500,0,39,20,
0:0:15:837,116,500,1,42,20,
0:0:15:849,116,500,1,39,20,
0:0:15:861,116,500,0,38,20,
0:0:15:874,116,500,0,31,20,
0:0:15:887,116,500,0,51,20,
0:0:15:899,116,500,5,44,20,
0:0:15:911,116,500,4,51,20,
0:0:15:925,116,500,2,44,20,
0:0:15:937,116,500,2,46,20,
0:0:15:949,116,500,1,47,20,
0:0:15:963,116,500,1,50,20,
0:0:15:975,116,500,1,51,22,
0:0:15:987,116,500,0,48,26,
0:0:16:0,116,500,0,49,30,
0:0:16:13,116,500,4,50,32,
0:0:16:25,116,500,2,51,37,
0:0:16:37,116,500,3,46,38,
0:0:16:51,116,500,6,46,38,
0:0:16:64,116,500,4,51,39,
0:0:16:77,116,500,4,44,41,
0:0:16:91,116,500,2,49,43,
0:0:16:103,116,500,3,44,41,
0:0:16:116,116,500,3,46,43,
0:0:16:130,116,500,5,48,43,
0:0:16:143,116,500,4,49,41,
0:0:16:156,116,500,3,47,43,
0:0:16:169,116,500,5,48,44,
0:0:16:183,116,500,5,49,43,
0:0:16:196,116,500,3,47,41,
0:0:16:209,116,500,2,46,43,
0:0:16:222,116,500,5,42,42,
0:0:16:235,116,500,3,51,44,
0:0:16:248,116,500,1,47,42,
0:0:16:262,116,500,1,47,43,
0:0:16:275,116,500,0,47,41,
0:0:16:288,116,500,0,51,43,
0:0:16:302,116,500,0,55,43,
0:0:16:314,116,500,0,56,45,
0:0:16:327,116,500,0,46,42,
0:0:16:340,116,500,0,47,42,
0:0:16:354,116,500,0,47,42,
0:0:16:367,116,500,1,64,40,
0:0:16:379,116,500,1,53,44,
0:0:16:393,116,500,2,54,43,
0:0:16:406,116,500,2,52,43,
0:0:16:419,116,500,1,56,44,
0:0:16:433,116,500,1,55,44,
0:0:16:446,116,500,0,55,45,
0:0:16:459,116,500,0,55,44,
0:0:16:472,116,500,0,55,43,
0:0:16:485,116,500,0,51,42,
0:0:16:498,116,500,0,53,41,
0:0:16:512,116,500,0,52,43,
0:0:16:525,116,500,0,59,43,
0:0:16:537,116,500,0,59,42,
0:0:16:550,116,500,0,49,44,
0:0:16:564,116,500,14,59,39,
0:0:16:577,116,500,14,79,43,
0:0:16:590,116,500,29,72,43,
0:0:16:604,116,500,44,59,44,
0:0:16:617,116,500,66,77,43,
0:0:16:630,116,500,82,75,44,
0:0:16:644,116,500,92,72,42,
0:0:16:657,116,500,101,69,46,
0:0:16:670,116,500,108,69,44,
0:0:16:684,116,500,111,71,46,
0:0:16:697,116,500,113,65,41,
0:0:16:710,116,500,115,70,42,
0:0:16:723,116,500,116,50,42,
0:0:16:736,116,500,116,61,43,
0:0:16:749,116,500,116,51,43,
0:0:16:762,116,500,116,53,42,
0:0:16:776,116,500,116,56,45,
0:0:16:789,116,500,116,56,41,
0:0:16:802,116,500,116,58,41,
0:0:16:816,116,500,116,56,42,
0:0:16:829,116,500,116,50,41,
0:0:16:842,116,500,116,50,42,
0:0:16:856,116,500,116,47,40,
0:0:16:868,116,500,116,42,40,
0:0:16:881,116,500,116,50,43,
0:0:16:894,116,500,116,52,42,
0:0:16:908,116,500,116,52,42,
0:0:16:921,116,500,116,52,42,
0:0:16:934,116,500,116,54,43,
0:0:16:948,116,500,116,57,41,
0:0:16:961,116,500,115,55,42,
0:0:16:974,116,500,115,55,43,
0:0:16:988,116,500,115,57,44,
0:0:17:1,116,500,115,55,43,
0:0:17:14,116,500,115,55,41,
0:0:17:28,116,500,116,56,42,
0:0:17:41,116,500,116,56,42,
0:0:17:53,116,500,116,55,40,
0:0:17:67,116,500,116,57,43,
0:0:17:80,116,500,116,55,41,
0:0:17:93,116,500,116,53,40,
0:0:17:106,116,500,116,54,41,
0:0:17:120,116,500,116,55,42,
0:0:17:133,116,500,116,55,42,
0:0:17:146,116,500,116,56,41,
0:0:17:160,116,500,113,52,42,
0:0:17:173,116,500,114,50,41,
0:0:17:186,116,500,114,48,43,
0:0:17:200,116,500,114,50,44,
0:0:17:213,116,500,115,48,43,
0:0:17:226,116,500,116,50,42,
0:0:17:239,116,500,116,48,42,
0:0:17:252,116,500,116,49,44,
0:0:17:265,116,500,116,50,43,
0:0:17:278,116,500,116,49,45,
0:0:17:292,116,500,116,49,42,
0:0:17:305,116,500,116,51,43,
0:0:17:318,116,500,116,51,43,
0:0:17:332,116,500,116,51,43,
0:0:17:345,116,500,116,50,44,
0:0:17:358,116,500,116,51,42,
0:0:17:371,116,500,116,49,41,
0:0:17:384,116,500,116,51,42,
0:0:17:397,116,500,116,50,41,
0:0:17:411,116,500,116,50,44,
0:0:17:424,116,500,116,52,43,
0:0:17:437,116,500,116,52,41,
0:0:17:451,116,500,115,53,43,
0:0:17:464,116,500,115,55,41,
0:0:17:477,116,500,115,56,42,
0:0:17:492,116,500,115,57,42,
0:0:17:506,116,500,115,59,45,
0:0:17:519,116,500,115,58,44,
0:0:17:532,116,500,116,58,39,
0:0:17:545,116,500,116,59,41,
0:0:17:558,116,500,116,59,42,
0:0:17:571,116,500,116,59,42,
0:0:17:585,116,500,116,60,44,
0:0:17:598,116,500,116,60,43,
0:0:17:611,116,500,116,60,42,
0:0:17:625,116,500,116,60,42,
0:0:17:638,116,500,116,58,41,
0:0:17:651,116,500,115,57,40,
0:0:17:665,116,500,115,57,42,
0:0:17:678,116,500,115,57,43,
0:0:17:691,116,500,115,57,41,
0:0:17:704,116,500,115,56,45,
0:0:17:718,116,500,115,55,43,
0:0:17:731,116,500,115,54,43,
0:0:2:256,180,11,0,67,20,
0:0:2:270,180,11,0,65,20,
0:0:2:282,180,11,0,63,20,
0:0:2:294,180,11,1,62,21,
0:0:2:307,180,11,4,63,22,
0:0:2:319,180,11,11,62,24,
0:0:2:332,180,11,21,60,27,
0:0:2:344,180,11,37,71,31,
0:0:2:357,180,11,48,62,31,
0:0:2:370,180,11,59,80,33,
0:0:2:382,180,11,68,76,33,
0:0:2:395,180,11,75,70,35,
0:0:2:407,180,11,80,62,35,
0:0:2:420,180,11,87,56,37,
0:0:2:433,180,11,93,64,38,
0:0:2:445,180,11,94,72,36,
0:0:2:458,180,11,90,64,34,
0:0:2:470,180,11,93,62,37,
0:0:2:483,180,11,96,62,38,
0:0:2:495,180,11,97,61,38,
0:0:2:508,180,11,98,73,37,
0:0:2:521,180,11,103,62,39,
0:0:2:533,180,11,103,61,38,
0:0:2:546,180,11,95,62,34,
0:0:2:558,180,11,94,63,36,
0:0:2:571,180,11,93,60,36,
0:0:2:584,180,11,94,47,38,
0:0:2:596,180,11,103,63,41,
0:0:2:609,180,11,101,55,36,
0:0:2:624,180,11,102,40,38,
0:0:2:636,180,11,102,61,37,
0:0:2:650,180,11,97,61,36,
0:0:2:662,180,11,96,60,37,
0:0:2:674,180,11,89,63,33,
0:0:2:686,180,11,79,55,31,
0:0:2:700,180,11,67,68,28,
0:0:2:712,180,11,50,79,24,
0:0:2:724,180,11,37,56,24,
0:0:2:738,180,11,22,69,20,
0:0:2:750,180,11,11,72,20,
0:0:2:762,180,11,5,60,20,
0:0:2:775,180,11,1,79,20,
0:0:2:788,180,11,0,69,20,
0:0:2:800,180,11,0,56,20,
0:0:2:812,180,11,0,65,20,
0:0:2:825,180,11,0,70,20,
0:0:2:837,180,11,0,48,20,
0:0:2:849,180,11,0,56,20,
0:0:2:862,180,11,0,73,20,
0:0:2:875,180,11,0,60,20,
0:0:2:887,180,11,0,62,20,
0:0:2:899,180,11,0,60,20,
0:0:2:912,180,11,11,61,26,
0:0:2:924,180,11,23,61,28,
0:0:2:937,180,11,32,80,28,
0:0:2:950,180,11,51,79,34,
0:0:2:962,180,11,66,77,35,
0:0:2:974,180,11,79,72,37,
0:0:2:988,180,11,92,70,39,
0:0:3:1,180,11,100,64,39,
0:0:3:14,180,11,103,75,38,
0:0:3:27,180,11,106,74,39,
0:0:3:41,180,11,102,72,36,
0:0:3:53,180,11,98,75,36,
0:0:3:65,180,11,91,127,34,
0:0:3:78,180,11,78,60,30,
0:0:3:91,180,11,67,94,29,
0:0:3:103,180,11,58,96,28,
0:0:3:116,180,11,41,81,23,
0:0:3:129,180,11,25,75,20,
0:0:3:141,180,11,14,70,20,
0:0:3:153,180,11,6,64,20,
0:0:3:166,180,11,1,68,20,
0:0:3:179,180,11,0,68,20,
0:0:3:191,180,11,0,64,20,
0:0:3:204,180,11,0,68,20,
0:0:3:216,180,11,0,65,20,
0:0:3:228,180,11,3,68,22,
0:0:3:240,180,11,14,61,26,
0:0:3:254,180,11,27,81,29,
0:0:3:266,180,11,45,82,33,
0:0:3:278,180,11,60,79,34,
0:0:3:292,180,11,78,82,38,
0:0:3:304,180,11,88,69,37,
0:0:3:317,180,11,103,77,42,
0:0:3:331,180,11,110,74,40,
0:0:3:344,180,11,117,74,42,
0:0:3:357,180,11,118,56,40,
0:0:3:371,180,11,118,68,40,
0:0:3:384,180,11,111,72,37,
0:0:3:397,180,11,109,68,39,
0:0:3:409,180,11,108,67,39,
0:0:3:422,180,11,98,62,34,
0:0:3:435,180,11,87,60,32,
0:0:3:447,180,11,73,86,28,
0:0:3:460,180,11,53,63,24,
0:0:3:473,180,11,33,79,21,
0:0:3:485,180,11,18,73,20,
0:0:3:497,180,11,8,71,20,
0:0:3:510,180,11,2,70,20,
0:0:3:523,180,11,0,73,20,
0:0:3:535,180,11,0,69,20,
0:0:3:548,180,11,0,75,20,
0:0:3:560,180,11,0,64,20,
0:0:3:572,180,11,0,70,20,
0:0:3:585,180,11,0,63,20,
0:0:3:597,180,11,0,62,20,
0:0:3:610,180,11,0,62,20,
0:0:3:622,180,11,0,61,20,
0:0:3:635,180,11,0,67,20,
0:0:3:647,180,11,0,61,20,
0:0:3:659,180,11,0,72,20,
0:0:3:672,180,11,0,62,20,
0:0:3:684,180,11,0,62,20,
0:0:3:696,180,11,0,64,20,
0:0:3:708,180,11,0,62,20,
0:0:3:721,180,11,0,64,20,
0:0:3:733,180,11,0,62,20,
0:0:3:746,180,11,0,62,20,
0:0:3:759,180,11,0,60,20,
0:0:3:771,180,11,0,62,20,
0:0:3:783,180,11,0,60,20,
0:0:3:795,180,11,0,71,20,
0:0:3:808,180,11,0,62,20,
0:0:3:821,180,11,1,65,21,
0:0:3:833,180,11,8,62,24,
0:0:3:846,180,11,17,61,26,
0:0:3:858,180,11,32,62,30,
0:0:3:870,180,11,49,80,33,
0:0:3:884,180,11,64,76,35,
0:0:3:896,180,11,80,73,38,
0:0:3:908,180,11,90,72,37,
0:0:3:921,180,11,98,75,39,
0:0:3:935,180,11,102,64,38,
0:0:3:948,180,11,107,70,40,
0:0:3:961,180,11,106,66,38,
0:0:3:975,180,11,105,56,38,
0:0:3:988,180,11,109,79,40,
0:0:4:1,180,11,116,80,43,
0:0:4:15,180,11,118,67,41,
0:0:4:27,180,11,118,72,40,
0:0:4:40,180,11,120,62,41,
0:0:4:54,180,11,122,61,42,
0:0:4:67,180,11,119,64,40,
0:0:4:80,180,11,122,60,42,
0:0:4:93,180,11,128,61,44,
0:0:4:107,180,11,133,62,45,
0:0:4:119,180,11,130,60,41,
0:0:4:132,180,11,122,60,38,
0:0:4:146,180,11,121,88,41,
0:0:4:159,180,11,117,80,40,
0:0:4:172,180,11,110,62,38,
0:0:4:186,180,11,106,76,37,
0:0:4:198,180,11,105,64,38,
0:0:4:211,180,11,99,63,36,
0:0:4:224,180,11,93,62,35,
0:0:4:236,180,11,83,61,31,
0:0:4:249,180,11,69,81,28,
0:0:4:261,180,11,55,63,26,
0:0:4:274,180,11,35,79,21,
0:0:4:286,180,11,19,96,20,
0:0:4:299,180,11,10,68,20,
0:0:4:312,180,11,3,70,20,
0:0:4:324,180,11,0,71,20,
0:0:4:336,180,11,0,70,20,
0:0:4:349,180,11,0,71,20,
0:0:4:362,180,11,5,74,23,
0:0:4:374,180,11,5,54,21,
0:0:4:386,180,11,4,67,20,
0:0:4:399,180,11,3,64,20,
0:0:4:412,180,11,2,67,20,
0:0:4:424,180,11,4,62,22,
0:0:4:436,180,11,2,64,20,
0:0:4:449,180,11,3,63,21,
0:0:4:461,180,11,4,61,21,
0:0:4:474,180,11,10,62,24,
0:0:4:487,180,11,7,76,20,
0:0:4:499,180,11,5,62,20,
0:0:4:511,180,11,4,63,20,
0:0:4:525,180,11,3,62,21,
0:0:4:537,180,11,1,62,20,
0:0:4:549,180,11,2,65,21,
0:0:4:561,180,11,2,60,20,
0:0:4:575,180,11,6,63,23,
0:0:4:587,180,11,6,89,21,
0:0:4:599,180,11,4,62,20,
0:0:4:612,180,11,3,62,20,
0:0:4:624,180,11,2,63,20,
0:0:4:637,180,11,4,62,22,
0:0:4:649,180,11,4,62,21,
0:0:4:662,180,11,6,61,22,
0:0:4:674,180,11,9,67,22,
0:0:4:687,180,11,8,73,21,
0:0:4:700,180,11,5,62,20,
0:0:4:712,180,11,3,65,20,
0:0:4:724,180,11,1,62,20,
0:0:4:738,180,11,0,65,20,
0:0:4:750,180,11,0,60,20,
0:0:4:762,180,11,1,63,21,
0:0:4:774,180,11,6,63,23,
0:0:4:787,180,11,14,89,25,
0:0:4:800,180,11,26,62,28,
0:0:4:812,180,11,48,85,35,
0:0:4:825,180,11,63,80,35,
0:0:4:838,180,11,82,64,39,
0:0:4:850,180,11,96,73,39,
0:0:4:864,180,11,109,79,42,
0:0:4:877,180,11,117,72,42,
0:0:4:890,180,11,124,63,43,
0:0:4:903,180,11,130,72,44,
0:0:4:917,180,11,132,69,43,
0:0:4:930,180,11,126,69,40,
0:0:4:943,180,11,128,72,43,
0:0:4:957,180,11,131,72,44,
0:0:4:970,180,11,138,106,47,
0:0:4:983,180,11,147,136,48,
0:0:4:996,138,11,146,454,44,
0:0:5:9,138,11,144,513,46,
0:0:5:22,138,11,143,613,47,
0:0:5:36,138,11,137,676,43,
0:0:5:49,138,11,140,680,46,
0:0:5:62,137,11,139,646,45,
0:0:5:75,137,11,135,615,42,
0:0:5:89,137,11,140,611,46,
0:0:5:102,135,11,139,582,44,
0:0:5:114,135,11,136,520,44,
0:0:5:128,135,11,136,500,47,
0:0:5:141,135,11,136,500,46,
0:0:5:154,135,11,135,510,46,
0:0:5:168,135,11,134,501,43,
0:0:5:181,135,11,133,481,43,
0:0:5:194,135,11,134,471,44,
0:0:5:208,133,11,134,466,47,
0:0:5:221,133,11,133,467,47,
0:0:5:234,133,11,139,469,46,
0:0:5:248,133,11,137,471,46,
0:0:5:261,133,11,135,502,45,
0:0:5:274,133,11,135,521,45,
0:0:5:286,133,11,134,514,44,
0:0:5:300,133,11,133,509,47,
0:0:5:313,133,11,134,516,44,
0:0:5:326,133,11,134,506,48,
0:0:5:340,133,11,133,497,44,
0:0:5:353,133,11,143,491,48,
0:0:5:366,133,11,140,467,46,
0:0:5:380,133,11,135,545,42,
0:0:5:393,133,11,136,623,44,
0:0:5:406,133,11,134,588,43,
0:0:5:420,133,11,131,461,45,
0:0:5:433,133,11,136,439,45,
0:0:5:446,131,11,134,401,44,
0:0:5:458,131,11,134,397,44,
0:0:5:472,131,11,133,413,46,
0:0:5:485,131,11,130,402,42,
0:0:5:498,131,11,130,390,45,
0:0:5:512,131,11,129,324,42,
0:0:5:525,131,11,129,295,43,
0:0:5:538,131,11,129,287,44,
0:0:5:552,131,11,117,280,36,
0:0:5:564,131,11,103,280,34,
0:0:5:576,131,11,89,207,31,
0:0:5:590,131,11,61,141,23,
0:0:5:602,131,11,35,7,20,
0:0:5:614,131,11,20,0,20,
0:0:5:627,131,11,8,24,20,
0:0:5:640,131,11,1,3,20,
0:0:5:652,131,11,3,4,22,
0:0:5:664,131,11,4,8,21,
0:0:5:677,131,11,6,2,22,
0:0:5:689,131,11,5,8,20,
0:0:5:702,131,11,5,10,21,
0:0:5:714,131,11,5,4,21,
0:0:5:727,131,11,8,2,23,
0:0:5:739,131,11,5,3,20,
0:0:5:751,131,11,5,1,21,
0:0:5:765,131,11,4,0,20,
0:0:5:777,131,11,3,0,21,
0:0:5:789,131,11,3,3,21,
0:0:5:801,131,11,2,0,20,
0:0:5:814,131,11,1,0,20,
0:0:5:827,131,11,1,1,20,
0:0:5:839,131,11,0,8,20,
0:0:5:852,131,11,0,3,20,
0:0:5:864,131,11,0,0,20,
0:0:5:878,131,11,0,0,20,
0:0:5:891,131,11,0,0,20,
0:0:5:903,131,11,0,1,20,
0:0:5:915,131,11,0,3,20,
0:0:5:927,131,11,0,3,20,
0:0:5:940,131,11,1,8,21,
0:0:5:952,131,11,14,0,27,
0:0:5:965,131,11,31,0,31,
0:0:5:978,131,11,51,12,35,
0:0:5:990,131,11,67,19,35,
0:0:6:2,131,11,82,7,37,
0:0:6:16,131,11,96,33,40,
0:0:6:29,131,11,108,33,42,
0:0:6:42,131,11,116,21,42,
0:0:6:55,131,11,116,47,44,
0:0:6:69,131,11,123,25,43,
0:0:6:81,131,11,128,36,45,
0:0:6:94,131,11,130,38,48,
0:0:6:108,131,11,130,42,44,
0:0:6:121,131,11,129,41,42,
0:0:6:134,131,11,124,45,40,
0:0:6:148,131,11,124,42,45,
0:0:6:161,131,11,126,98,44,
0:0:6:174,131,11,126,122,42,
0:0:6:188,131,11,126,232,47,
0:0:6:201,131,11,128,268,45,
0:0:6:214,131,11,130,279,43,
0:0:6:227,131,11,130,284,43,
0:0:6:240,131,11,130,287,46,
0:0:6:253,131,11,131,367,44,
0:0:6:266,131,11,131,376,46,
0:0:6:280,131,11,131,380,45,
0:0:6:293,131,11,131,381,46,
0:0:6:306,131,11,131,384,49,
0:0:6:320,131,11,131,376,45,
0:0:6:332,131,11,131,371,44,
0:0:6:345,131,11,131,359,45,
0:0:6:359,131,11,131,353,46,
0:0:6:372,131,11,131,348,47,
0:0:6:385,131,11,131,351,46,
0:0:6:398,131,11,131,350,44,
0:0:6:412,131,11,131,348,46,
0:0:6:424,131,11,131,348,46,
0:0:6:437,131,11,131,348,46,
0:0:6:451,131,11,131,353,45,
0:0:6:464,131,11,131,350,45,
0:0:6:477,131,11,131,353,43,
0:0:6:491,131,11,131,352,45,
0:0:6:504,131,11,129,353,42,
0:0:6:517,131,11,119,353,37,
0:0:6:530,131,11,114,351,39,
0:0:6:542,131,11,108,272,37,
0:0:6:555,131,11,92,155,32,
0:0:6:567,131,11,80,122,31,
0:0:6:581,131,11,68,8,28,
0:0:6:593,131,11,51,15,25,
0:0:6:605,131,11,32,5,21,
0:0:6:618,131,11,18,0,20,
0:0:6:631,131,11,9,0,20,
0:0:6:643,131,11,3,7,20,
0:0:6:656,131,11,0,1,20,
0:0:6:668,131,11,0,4,20,
0:0:6:680,131,11,0,7,20,
0:0:6:692,131,11,0,8,20,
0:0:6:705,131,11,0,7,20,
0:0:6:718,131,11,0,1,20,
0:0:6:730,131,11,0,3,20,
0:0:6:743,131,11,0,1,20,
0:0:6:755,131,11,0,12,20,
0:0:6:767,131,11,0,0,20,
0:0:6:779,131,11,0,8,20,
0:0:6:792,131,11,0,7,20,
0:0:6:804,131,11,0,0,20,
0:0:6:816,131,11,0,0,20,
0:0:6:830,131,11,0,35,20,
0:0:6:842,131,11,0,3,20,
0:0:6:854,131,11,0,0,20,
0:0:6:866,131,11,0,0,20,
0:0:6:879,131,11,0,0,20,
0:0:6:891,131,11,1,0,21,
0:0:6:903,131,11,20,0,30,
0:0:6:916,131,11,38,0,32,
0:0:6:929,131,11,61,26,38,
0:0:6:941,131,11,89,20,42,
0:0:6:955,131,11,107,13,42,
0:0:6:968,131,11,118,58,42,
0:0:6:981,131,11,118,52,43,
0:0:6:994,131,11,128,66,42,
0:0:7:8,131,11,127,58,42,
0:0:7:21,131,11,127,49,46,
0:0:7:34,131,11,129,56,45,
0:0:7:48,131,11,129,56,44,
0:0:7:60,131,11,130,58,46,
0:0:7:73,131,11,130,60,46,
0:0:7:87,131,11,131,74,44,
0:0:7:100,131,11,131,63,44,
0:0:7:113,131,11,131,112,45,
0:0:7:126,131,11,131,228,46,
0:0:7:139,131,11,131,286,43,
0:0:7:152,131,11,131,385,46,
0:0:7:165,131,11,131,397,45,
0:0:7:179,131,11,131,393,46,
0:0:7:192,131,11,129,361,42,
0:0:7:205,131,11,129,355,46,
0:0:7:219,131,11,130,357,45,
0:0:7:232,131,11,130,356,45,
0:0:7:245,131,11,130,356,46,
0:0:7:259,131,11,130,356,43,
0:0:7:271,131,11,131,357,44,
0:0:7:284,131,11,131,354,44,
0:0:7:298,131,11,131,357,46,
0:0:7:311,131,11,131,361,43,
0:0:7:324,131,11,129,356,42,
0:0:7:337,131,11,126,359,41,
0:0:7:351,131,11,124,360,41,
0:0:7:364,131,11,124,357,44,
0:0:7:377,131,11,126,304,45,
0:0:7:391,131,11,127,233,44,
0:0:7:404,131,11,128,231,44,
0:0:7:417,131,11,130,232,44,
0:0:7:431,131,11,127,239,41,
0:0:7:444,131,11,121,239,39,
0:0:7:456,131,11,114,239,38,
0:0:7:469,131,11,98,233,32,
0:0:7:482,131,11,76,128,27,
0:0:7:494,131,11,57,127,25,
0:0:7:506,131,11,37,28,22,
0:0:7:520,131,11,19,13,20,
0:0:7:532,131,11,9,0,20,
0:0:7:544,131,11,4,0,20,
0:0:7:557,131,11,0,7,20,
0:0:7:569,131,11,0,0,20,
0:0:7:582,131,11,0,14,20,
0:0:7:595,131,11,1,15,21,
0:0:7:607,131,11,1,4,20,
0:0:7:619,131,11,0,0,20,
0:0:7:631,131,11,0,4,20,
0:0:7:644,131,11,2,1,21,
0:0:7:657,131,11,2,0,21,
0:0:7:669,131,11,3,16,21,
0:0:7:682,131,11,8,0,23,
0:0:7:694,131,11,6,1,20,
0:0:7:706,131,11,5,0,21,
0:0:7:719,131,11,4,0,20,
0:0:7:732,131,11,2,0,20,
0:0:7:744,131,11,0,0,20,
0:0:7:756,131,11,0,0,20,
0:0:7:769,131,11,0,0,20,
0:0:7:781,131,11,0,0,20,
0:0:7:793,131,11,1,1,21,
0:0:7:805,131,11,20,3,30,
0:0:7:819,131,11,40,0,33,
0:0:7:831,131,11,52,24,32,
0:0:7:844,131,11,76,15,39,
0:0:7:858,131,11,94,0,40,
0:0:7:870,131,11,107,18,42,
0:0:7:883,131,11,113,8,40,
0:0:7:897,131,11,113,10,45,
0:0:7:910,131,11,121,15,44,
0:0:7:923,131,11,126,0,43,
0:0:7:937,131,11,128,14,44,
0:0:7:950,131,11,129,0,43,
0:0:7:963,131,11,129,9,42,
0:0:7:976,131,11,128,12,42,
0:0:7:989,131,11,128,4,45,
0:0:8:2,131,11,129,61,46,
0:0:8:15,131,11,129,113,44,
0:0:8:29,131,11,130,261,45,
0:0:8:42,131,11,130,284,48,
0:0:8:55,131,11,131,381,44,
0:0:8:68,131,11,131,399,44,
0:0:8:81,131,11,131,387,46,
0:0:8:94,131,11,131,360,45,
0:0:8:108,131,11,131,357,45,
0:0:8:121,131,11,131,354,45,
0:0:8:134,131,11,131,356,46,
0:0:8:146,131,11,131,369,43,
0:0:8:161,131,11,131,357,45,
0:0:8:174,131,11,131,359,45,
0:0:8:187,131,11,131,356,44,
0:0:8:200,131,11,131,356,46,
0:0:8:213,131,11,131,351,43,
0:0:8:226,131,11,131,361,46,
0:0:8:240,131,11,129,368,42,
0:0:8:253,131,11,129,363,47,
0:0:8:266,131,11,130,362,47,
0:0:8:280,131,11,130,365,46,
0:0:8:293,131,11,130,366,45,
0:0:8:306,131,11,130,364,47,
0:0:8:320,131,11,131,364,45,
0:0:8:333,131,11,131,361,47,
0:0:8:346,131,11,131,364,44,
0:0:8:359,131,11,131,364,46,
0:0:8:373,131,11,131,371,45,
0:0:8:386,131,11,131,369,47,
0:0:8:398,131,11,131,369,46,
0:0:8:412,131,11,131,364,44,
0:0:8:425,131,11,131,365,44,
0:0:8:438,131,11,131,369,46,
0:0:8:452,131,11,131,368,43,
0:0:8:465,131,11,131,368,44,
0:0:8:478,131,11,131,367,43,
0:0:8:492,131,11,123,366,39,
0:0:8:504,131,11,116,362,38,
0:0:8:516,131,11,105,368,35,
0:0:8:529,131,11,96,205,35,
0:0:8:542,131,11,87,131,33,
0:0:8:554,131,11,84,10,35,
0:0:8:567,131,11,80,3,33,
0:0:8:581,131,11,83,0,36,
0:0:8:593,131,11,96,0,41,
0:0:8:606,131,11,96,0,43,
0:0:8:620,131,11,108,31,43,
0:0:8:633,131,11,118,15,43,
0:0:8:646,131,11,126,2,43,
0:0:8:659,131,11,130,1,45,
0:0:8:672,131,11,131,0,45,
0:0:8:685,131,11,131,115,44,
0:0:8:698,131,11,131,195,44,
0:0:8:712,131,11,129,281,42,
0:0:8:725,131,11,129,379,45,
0:0:8:738,131,11,130,361,44,
0:0:8:752,131,11,130,359,45,
0:0:8:765,131,11,129,363,42,
0:0:8:778,131,11,126,364,41,
0:0:8:792,131,11,126,363,43,
0:0:8:805,131,11,123,338,40,
0:0:8:817,131,11,123,240,42,
0:0:8:830,131,11,115,236,37,
0:0:8:843,131,11,110,222,38,
0:0:8:856,131,11,111,167,40,
0:0:8:869,131,11,115,112,42,
0:0:8:883,131,11,115,75,43,
0:0:8:896,131,11,119,0,46,
0:0:8:909,131,11,125,67,44,
0:0:8:922,131,11,129,71,46,
0:0:8:935,131,11,130,112,44,
0:0:8:948,131,11,131,120,48,
0:0:8:962,131,11,131,230,43,
0:0:8:975,131,11,131,309,44,
0:0:8:988,131,11,131,358,43,
0:0:9:1,131,11,131,367,43,
0:0:9:14,131,11,131,365,48,
0:0:9:27,131,11,131,371,44,
0:0:9:40,131,11,131,361,46,
0:0:9:54,131,11,131,362,44,
0:0:9:67,131,11,131,360,49,
0:0:9:79,131,11,131,361,44,
0:0:9:93,131,11,131,361,44,
0:0:9:106,131,11,131,359,45,
0:0:9:119,131,11,131,368,44,
0:0:9:133,131,11,131,363,43,
0:0:9:146,131,11,131,359,44,
0:0:9:158,131,11,131,356,44,
0:0:9:171,131,11,121,351,38,
0:0:9:187,131,11,116,352,39,
0:0:9:199,131,11,111,339,38,
0:0:9:212,131,11,93,199,31,
0:0:9:225,131,11,80,116,31,
0:0:9:237,131,11,67,17,28,
0:0:9:250,131,11,54,10,27,
0:0:9:263,131,11,44,6,26,
0:0:9:275,131,11,39,15,26,
0:0:9:288,131,11,32,10,24,
0:0:9:300,131,11,24,0,22,
0:0:9:313,131,11,22,0,24,
0:0:9:325,131,11,19,0,23,
0:0:9:338,131,11,15,10,22,
0:0:9:351,131,11,12,3,21,
0:0:9:363,131,11,7,0,20,
0:0:9:375,131,11,5,6,21,
0:0:9:389,131,11,3,0,20,
0:0:9:401,131,11,1,0,20,
0:0:9:413,131,11,0,3,20,
0:0:9:425,131,11,0,8,20,
0:0:9:438,131,11,0,0,20,
0:0:9:450,131,11,0,0,20,
0:0:9:462,131,11,0,0,20,
0:0:9:475,131,11,0,0,20,
0:0:9:488,131,11,0,0,20,
0:0:9:500,131,11,0,0,20,
0:0:9:512,131,11,0,0,20,
0:0:9:525,131,11,0,8,20,
0:0:9:537,131,11,0,0,20,
0:0:9:549,131,11,5,0,23,
0:0:9:562,131,11,5,0,21,
0:0:9:574,131,11,4,0,20,
0:0:9:587,131,11,3,0,20,
0:0:9:600,131,11,2,0,20,
0:0:9:612,131,11,0,0,20,
0:0:9:624,131,11,0,0,20,
0:0:9:636,131,11,0,0,20,
0:0:9:649,131,11,1,1,21,
0:0:9:662,131,11,10,0,25,
0:0:9:674,131,11,26,16,30,
0:0:9:687,131,11,48,0,35,
0:0:9:699,131,11,66,13,36,
0:0:9:712,131,11,81,14,37,
0:0:9:724,131,11,99,15,41,
0:0:9:738,131,11,107,5,40,
0:0:9:751,131,11,113,6,41,
0:0:9:764,131,11,120,0,42,
0:0:9:778,131,11,123,8,42,
0:0:9:791,131,11,123,0,43,
0:0:9:804,131,11,126,11,44,
0:0:9:818,131,11,128,3,44,
0:0:9:830,131,11,130,0,43,
0:0:9:843,131,11,129,3,42,
0:0:9:857,131,11,129,59,44,
0:0:9:870,131,11,130,116,45,
0:0:9:883,131,11,130,271,44,
0:0:9:896,131,11,129,332,42,
0:0:9:910,131,11,129,386,46,
0:0:9:923,131,11,130,347,44,
0:0:9:936,131,11,127,352,41,
0:0:9:950,131,11,122,348,40,
0:0:9:963,131,11,118,346,39,
0:0:9:975,131,11,110,340,37,
0:0:9:989,131,11,106,222,38,
0:0:10:1,131,11,98,119,35,
0:0:10:13,131,11,85,114,31,
0:0:10:27,131,11,72,1,29,
0:0:10:39,131,11,53,12,24,
0:0:10:51,131,11,35,18,22,
0:0:10:64,131,11,20,4,20,
0:0:10:77,131,11,9,12,20,
0:0:10:89,131,11,3,8,20,
0:0:10:101,131,11,0,0,20,
0:0:10:114,131,11,0,10,20,
0:0:10:127,131,11,0,0,20,
0:0:10:139,131,11,0,1,20,
0:0:10:151,131,11,0,8,20,
0:0:10:164,131,11,3,1,22,
0:0:10:176,131,11,4,0,21,
0:0:10:189,131,11,4,24,21,
0:0:10:202,131,11,3,0,20,
0:0:10:214,131,11,2,0,20,
0:0:10:226,131,11,1,0,20,
0:0:10:240,131,11,0,0,20,
0:0:10:252,131,11,0,1,20,
0:0:10:264,131,11,1,3,21,
0:0:10:276,131,11,14,0,27,
0:0:10:289,131,11,39,0,35,
0:0:10:302,131,11,61,4,37,
0:0:10:315,131,11,80,15,38,
0:0:10:328,131,11,80,0,43,
0:0:10:341,131,11,103,15,43,
0:0:10:354,131,11,117,4,45,
0:0:10:368,131,11,123,34,44,
0:0:10:381,131,11,128,8,43,
0:0:10:394,131,11,129,0,42,
0:0:10:407,131,11,129,11,45,
0:0:10:421,131,11,130,4,45,
0:0:10:434,131,11,130,24,47,
0:0:10:447,131,11,130,8,44,
0:0:10:461,131,11,130,7,44,
0:0:10:473,131,11,131,64,45,
0:0:10:486,131,11,131,115,44,
0:0:10:500,131,11,123,267,39,
0:0:10:513,131,11,116,321,38,
0:0:10:525,131,11,105,316,35,
0:0:10:539,131,11,90,224,32,
0:0:10:551,131,11,65,146,24,
0:0:10:563,131,11,40,117,20,
0:0:10:576,131,11,22,8,20,
0:0:10:589,131,11,9,24,20,
0:0:10:601,131,11,1,8,20,
0:0:10:614,131,11,0,7,20,
0:0:10:627,131,11,0,2,20,
0:0:10:639,131,11,0,6,20,
0:0:10:651,131,11,0,0,20,
0:0:10:663,131,11,0,4,20,
0:0:10:676,131,11,0,2,20,
0:0:10:688,131,11,0,11,20,
0:0:10:701,131,11,0,10,20,
0:0:10:714,131,11,1,0,21,
0:0:10:726,131,11,2,0,21,
0:0:10:738,131,11,5,0,22,
0:0:10:752,131,11,4,0,20,
0:0:10:764,131,11,3,0,20,
0:0:10:776,131,11,2,0,20,
0:0:10:788,131,11,0,0,20,
0:0:10:801,131,11,0,0,20,
0:0:10:814,131,11,11,1,26,
0:0:10:826,131,11,27,0,30,
0:0:10:839,131,11,52,16,37,
0:0:10:851,131,11,78,18,40,
0:0:10:864,131,11,97,13,41,
0:0:10:877,131,11,97,10,45,
0:0:10:891,131,11,114,12,43,
0:0:10:904,131,11,123,2,43,
0:0:10:917,131,11,128,4,45,
0:0:10:931,131,11,130,3,43,
0:0:10:944,131,11,131,12,46,
0:0:10:957,131,11,131,8,46,
0:0:10:970,131,11,131,7,44,
0:0:10:983,131,11,131,3,45,
0:0:10:996,131,11,131,20,45,
0:0:11:10,131,11,131,15,43,
0:0:11:23,131,11,131,102,43,
0:0:11:35,131,11,131,200,45,
0:0:11:48,131,11,131,255,44,
0:0:11:62,131,11,131,344,45,
0:0:11:75,131,11,131,359,46,
0:0:11:88,131,11,131,359,47,
0:0:11:102,131,11,131,360,44,
0:0:11:115,131,11,131,351,45,
0:0:11:128,131,11,131,356,45,
0:0:11:141,131,11,131,347,45,
0:0:11:154,131,11,131,348,43,
0:0:11:167,131,11,131,351,43,
0:0:11:181,131,11,127,348,41,
0:0:11:194,131,11,119,349,38,
0:0:11:206,131,11,113,349,38,
0:0:11:219,131,11,97,331,32,
0:0:11:232,131,11,77,202,28,
0:0:11:244,131,11,58,125,25,
0:0:11:257,131,11,38,10,22,
0:0:11:270,131,11,20,1,20,
0:0:11:283,131,11,10,0,20,
0:0:11:295,131,11,4,15,20,
0:0:11:308,131,11,0,1,20,
0:0:11:320,131,11,0,8,20,
0:0:11:332,131,11,0,0,20,
0:0:11:345,131,11,0,2,20,
0:0:11:358,131,11,0,1,20,
0:0:11:370,131,11,0,19,20,
0:0:11:382,131,11,0,2,20,
0:0:11:395,131,11,0,0,20,
0:0:11:407,131,11,0,0,20,
0:0:11:419,131,11,0,1,20,
0:0:11:432,131,11,0,0,20,
0:0:11:445,131,11,0,0,20,
0:0:11:456,131,11,0,3,20,
0:0:11:469,131,11,1,0,21,
0:0:11:482,131,11,1,0,20,
0:0:11:494,131,11,0,0,20,
0:0:11:506,131,11,2,0,21,
0:0:11:518,131,11,5,0,22,
0:0:11:532,131,11,3,0,20,
0:0:11:544,131,11,2,0,20,
0:0:11:556,131,11,2,0,20,
0:0:11:569,131,11,0,0,20,
0:0:11:581,131,11,0,0,20,
0:0:11:594,131,11,3,0,22,
0:0:11:607,131,11,2,0,20,
0:0:11:619,131,11,1,0,20,
0:0:11:631,131,11,1,0,20,
0:0:11:643,131,11,0,0,20,
0:0:11:657,131,11,0,0,20,
0:0:11:669,131,11,3,0,22,
0:0:11:681,131,11,2,0,20,
0:0:11:694,131,11,1,0,20,
0:0:11:706,131,11,1,0,20,
0:0:11:719,131,11,2,0,21,
0:0:11:731,131,11,1,0,20,
0:0:11:744,131,11,0,0,20,
0:0:11:756,131,11,0,0,20,
0:0:11:768,131,11,0,0,20,
0:0:11:782,131,11,0,0,20,
0:0:11:794,131,11,3,0,22,
0:0:11:806,131,11,2,0,20,
0:0:11:819,131,11,1,0,20,
0:0:11:831,131,11,1,0,20,
0:0:11:844,131,11,0,0,20,
0:0:11:856,131,11,1,0,21,
0:0:11:869,131,11,1,0,20,
0:0:11:881,131,11,2,0,21,
0:0:11:893,131,11,2,0,20,
0:0:11:907,131,11,4,0,22,
0:0:11:919,131,11,3,0,20,
0:0:11:931,131,11,3,0,21,
0:0:11:943,131,11,3,1,20,
0:0:11:956,131,11,1,8,20,
0:0:11:968,131,11,4,0,22,
0:0:11:981,131,11,4,0,21,
0:0:11:994,131,11,8,0,23,
0:0:12:6,131,11,6,1,20,
0:0:12:18,131,11,6,0,21,
0:0:12:30,131,11,4,0,20,
0:0:12:44,131,11,2,2,20,
0:0:12:56,131,11,0,0,20,
0:0:12:68,131,11,2,3,21,
0:0:12:81,131,11,1,19,20,
0:0:12:93,131,11,0,16,20,
0:0:12:105,131,11,0,1,20,
0:0:12:119,131,11,0,3,20,
0:0:12:131,131,11,0,0,20,
0:0:12:143,131,11,0,1,20,
0:0:12:155,131,11,0,0,20,
0:0:12:168,131,11,0,0,20,
0:0:12:181,131,11,3,0,22,
0:0:12:192,131,11,2,0,20,
0:0:12:205,131,11,1,0,20,
0:0:12:218,131,11,1,0,20,
0:0:12:230,131,11,0,0,20,
0:0:12:242,131,11,0,0,20,
0:0:12:255,131,11,0,3,20,
0:0:12:267,131,11,0,0,20,
0:0:12:279,131,11,0,0,20,
0:0:12:292,131,11,0,3,20,
0:0:12:304,131,11,1,0,21,
0:0:12:316,131,11,1,0,20,
0:0:12:329,131,11,0,0,20,
0:0:12:342,131,11,0,0,20,
0:0:12:354,131,11,2,0,21,
0:0:12:366,131,11,1,8,20,
0:0:12:379,131,11,0,0,20,
0:0:12:392,131,11,0,0,20,
0:0:12:404,131,11,0,0,20,
0:0:12:419,131,11,0,17,20,
0:0:12:431,131,11,0,3,20,
0:0:12:443,131,11,0,0,20,
0:0:12:455,131,11,0,0,20,
0:0:12:468,131,11,0,0,20,
0:0:12:481,131,11,0,3,20,
0:0:12:493,131,11,0,0,20,
0:0:12:506,131,11,0,0,20,
0:0:12:518,131,11,3,0,22,
0:0:12:530,131,11,2,0,20,
0:0:12:542,131,11,1,0,20,
